ISBN;TITULO;AUTOR;ASSUNTO;EDITORA;CAPA;DESCONTO;EX
9780000000000;PROMOCIONAL;PROMOCIONAL;NULL;EDUFU;R$ 5,00;R$ 5,00;467
9788570782113;A CLARA COR DA NOITE ESCURA: ESCRITOS E IMAGENS DE MULHERES E HOMENS NEGROS EM GOIAS E EM MINAS GERAIS;CARLOS RODRIGUES BRANDAO;SOCIOLOGIA;EDUFU;R$ 65,00;R$ 43,33;1
9788570784131;A DIVINACAO;BRUNO FREGNI BASSETTO;FILOSOFIA;EDUFU;R$ 55,00;R$ 36,67;100
9786558240433;A EDUCACAO ENTRE A ETICA E A ESTETICA: OS ALBUNS ILUSTRADOS PAULISTAS (1915-1929);RAQUEL DISCINI DE CAMPOS;EDUCACAO;EDUFU;R$ 75,00;R$ 50,00;228
9788570784124;A ETICA DE PEDRO ABELARDO: UM MODELO MEDIEVAL DE APLICACAO DA LOGICA A MORAL;MARCIO CHAVES-TANNUS;FILOSOFIA;EDUFU;R$ 40,00;R$ 26,67;5
9786588055021;A EXPRESSAO DA ANTERIORIDADE TEMPORAL EM ESPANHOL: UMA ANALISE SOCIOLINGUISTICA;LEANDRO SILVEIRA DE ARAUJO;NULL;EDUFU;R$ 60,00;R$ 40,00;29
9788570784711;A FORMACAO DO PROFESSOR DE CIENCIAS SOCIAIS: DESAFIOS E POSSIBILIDADES;MARCEL MAMO, MARILI PERES JUNQUEIRA;SOCIOLOGIA;EDUFU;R$ 40,00;R$ 26,67;27
9786588055038;A IGREJA COMO PODER ECLESIASTICO E CIVIL EM THOMAS HOBBES;WAGNER DE MELLO ELIAS;NULL;EDUFU;R$ 85,00;R$ 56,67;181
9788570784087;A NATUREZA DOS DEUSES;MARCOS TULIO CICERO;FILOSOFIA;EDUFU;R$ 55,00;R$ 36,67;4
9786558240228;"A NOCAO DE ALMA NA ""SUMA DE TEOLOGIA"" DE TOMAS DE AQUINO";ANSELMO TADEU FERREIRA;FILOSOFIA;EDUFU;R$ 45,00;R$ 30,00;144
9788570784780;ANALISAR DISCURSOS INSTITUCIONAIS;ALICE KRIEG-PLANQUE;LINGUISTICA;EDUFU;R$ 75,00;R$ 50,00;142
9788570785145;AS LEIS (IMPRESSO);MARCOS TULIO CICERO;FILOSOFIA;EDUFU;R$ 80,00;R$ 53,33;151
9788570783080;DISCUSSOES TUSCULANAS;MARCOS TULIO CICERO;FILOSOFIA;EDUFU;R$ 55,00;R$ 36,67;149
9788570780672;DONA BEJA: DESVENDANDO O MITO;ROSA MARIA SPINOSO DE MONTANDON;HISTORIA;EDUFU;R$ 45,00;R$ 30,00;0
9788570783653;EDUCACAO A DISTANCIA NO BRASIL: A PEDAGOGIA EM FOCO: VOLUME 2;EUCIDIO PIMENTA ARRUDA;EDUCACAO;EDUFU;R$ 40,00;R$ 26,67;0
9786558240259;ENSAIOS SOBRE LINGUA E LINGUAGEM (HUMBOLDT);WILHELM VON HUMBOLDT;LINGUISTICA;EDUFU;R$ 95,50;R$ 63,67;160
9786588055014;ENSINANDO A TRADUCAO: PROGRAMAS, DISCIPLINAS E ABORDAGENS PEDAGOGICAS;LAWRENCE VENUTTI;LINGUISTICA;EDUFU;R$ 95,50;R$ 63,67;105
9788570783998;ENSINO DE TRADUCAO: DA PESQUISA A SALA DE AULA: DIRETRIZES PARA PROFESSORES;SONIA COLINA, MARILEIDE DIAS ESQUEDA, PAULA GODOI ARBEX, SANDRA APARECIDA FARIA DE ALMEIDA, SILVANA MARIA DE JESUS, STEFANO PASCHOAL;LINGUISTICA;EDUFU;R$ 65,00;R$ 43,33;0
9788570784094;ENSINO DESENVOLVIMENTAL: VIDA, PENSAMENTO E OBRA DOS PRINCIPAIS REPRESENTANTES RUSSOS;ROBERTO VALDES PUENTES, ANDREA MATURANO LONGAREZI;EDUCACAO;EDUFU;R$ 75,00;R$ 50,00;2
9786588055045;ESCRITOS DA SERIE COGNITIVA;CHARLES SANDERS PEIRCE E CASSIANO TERRA RODRIGUES;FILOSOFIA;EDUFU;R$ 75,00;R$ 50,00;298
9788570784100;ESTUDOS POLIFONICOS EM LINGUA, LITERATURA E ENSINO;JOAO BOSCO CABRAL DOS SANTOS, MARIA DE FATIMA FONSECA GUILHERME;LINGUISTICA;EDUFU;R$ 40,00;R$ 26,67;12
9786588055052;GEOGRAFIA DE UMA CORPORACAO EM REDE: A TRAJETORIA ESPACO-TEMPORAL DO GRUPO ALGAR (1930-2019);FERNANDO FERNANDES DE OLIVEIRA;NULL;EDUFU;R$ 60,00;R$ 40,00;33
9788570783424;GUIA DE NORMALIZACAO DE PUBLICACOES TECNICO-CIENTIFICAS;ANGELA MARIA SILVA FUCHS, MAIRA NANI FRANCA, MARIA SALETE DE FREITAS PINHEIRO;METODOLOGIA;EDUFU;R$ 40,00;R$ 26,67;0
9788570784759;HISTORIA DA ALFABETIZACAO E SUAS FONTES;SONIA MARIA DOS SANTOS, JULIANO GUERRA ROCHA;EDUCACAO;EDUFU;R$ 60,00;R$ 40,00;19
9788570784926;HISTORIA DA EDUCACAO EM MINAS GERAIS;CARLOS HENRIQUE DE CARVALHO;NULL;EDUFU;R$ 90,00;R$ 60,00;28
9788570783714;"IMPLICACOES ETICAS DA ""VIRADA INFORMACIONAL NA FILOSOFIA""";JOAO ANTONIO MORAES;FILOSOFIA;EDUFU;R$ 40,00;R$ 26,67;4
9788570781550;JOAQUINA DO POMPEU: TRAMAS DE MEMORIAS E HISTORIAS NOS SERTOES DO SAO FRANCISCO;GILBERTO CEZAR DE NORONHA;HISTORIA;EDUFU;R$ 50,00;R$ 33,33;0
9788570784858;LEGUMINOSAS FORRAGEIRAS;EDMUNDO BENEDETI;AGROPECUARIA;EDUFU;R$ 40,00;R$ 26,67;31
9788570784551;MAX WEB: RELIGIAO, VALORES, TEORIA DO CONHECIMENTO;MARCOS CESAR SENEDA, HENRIQUE FLORENTINO FARIA CUSTODIO;FILOSOFIA;EDUFU;R$ 40,00;R$ 26,67;38
9788570784704;MEMORIAS, HISTORIAS E CRONICAS TIJUCANAS;HELIO BENICIO DE PAIVA;HISTORIA;EDUFU;R$ 60,00;R$ 40,00;10
9788570784766;MITOS DA TERRA-MEDIA: MITOLOGIA E MODERNIDADE NA OBRA DE J.R.R. TOLKIEN;THIAGO DESTRO ROSA FERREIRA;LITERATURA;EDUFU;R$ 40,00;R$ 26,67;19
9786558240235;NA ROTA DA EDUCACAO;JUSTINO MAGALHAES;EDUCACAO;EDUFU;R$ 60,00;R$ 40,00;190
9788570781697;NO RANCHO FUNDO;EUCIDIO PIMENTA ARRUDA;GEOGRAFIA;EDUFU;R$ 45,00;R$ 30,00;2
9788570783783;O TRANSVERSAL E O CONCEITUAL NO ENSINO DA FILOSOFIA;JOSE BENEDITO DE ALMEIDA JUNIOR, HUMBERTO GUIDO, MARCIO DANELON;FILOSOFIA;EDUFU;R$ 65,00;R$ 43,33;41
9786558240327;PEDAGOGIAS DA BELEZA;RENATA NEIVA;EDUCACAO;EDUFU;R$ 45,00;R$ 30,00;193
9788570783745;POLITICAS E CONTRIBUICOES DAS PRATICAS DO PIBID PARA A FORMACAO DE PROFESSORES;MARIA CELIA BORGES, SANDRA ELEUTERIO CAMPOS MARTINS, ELIZANDRA ZEULLI;EDUCACAO;EDUFU;R$ 45,00;R$ 30,00;38
9788570784285;PSICANALISE EM PERSPECTIVA (LIVRO 1): MARCAS E TRACOS NA UNIVERSIDADE;MARIA LUCIA CASTILHO ROMERA - COORDENADORA;PSICOLOGIA;EDUFU;R$ 65,00;R$ 43,33;112
9788570784735;PSICANALISE EM PERSPECTIVA LIVRO 2;MARIA LUCIA ROMERO;PSICOLOGIA;EDUFU;R$ 65,00;R$ 43,33;105
9786558240334;PSICANALISE EM PERSPECTIVA LIVRO 3 IMPRESSO;MARIA LUCIA ROMERO;PSICOLOGIA;EDUFU;R$ 65,00;R$ 43,33;126
9788570784315;SOB A EGIDE DA VAIDADE E DA ARTE;IVAN MARCOS RIBEIRO;LITERATURA;EDUFU;R$ 40,00;R$ 26,67;3
9788570784261;TANTAS MARGENS: REFLEXOES SOBRE LITERATURA E ARTE;BETINA RIBEIRO RODRIGUES DA CUNHA, LUIZ HUMBERTO MARTINS ARANTES, MARIA SUZANA MOREIRA DO CARMO;NULL;EDUFU;R$ 40,00;R$ 26,67;6
9788570784162;TEMPOS DE CIVILIZACAO E OUTROS TEMPOS;DIVA DO COUTO GONTIJO MUNIZ, ERNESTO CERVEIRA DE SENA, MARIA ELIZABETH RIBEIRO CARNEIRO;HISTORIA;EDUFU;R$ 45,00;R$ 30,00;4
9788570783851;TRANSMISSAO DE ENERGIA ELETRICA;RUBENS DARIO FUCHS;TECNOLOGIA;EDUFU;R$ 75,00;R$ 50,00;14
9788570784032;VAMOS AO LABORATORIO? EXPERIENCIA DE QUIMICA PARA O ENSINO MEDIO;HELIO SIQUEIRA AIDAR;TECNOLOGIA;EDUFU;R$ 50,00;R$ 33,33;19
9786588055151;ECOLOGIA COMPORTAMENTAL: UMA CONVERSA SOBRE BIOLOGIA EVOLUTIVA;KLEBER DEL-CLARO;BIOLOGIA;EDUFU;R$ 74,00;R$ 59,20;154
9786588055144;BIOHQ3;JOAO AGRELI, ROSANGELA DANTAS DE OLIVEIRA, SOLANGE CRISTINA ALGUSTO;BIOLOGIA;EDUFU;R$ 80,00;R$ 65,00;539
9786588055182;Patrimônio: histórias de um bairro em quadrinhos;Luiz Rogério Rodrigues João Henrique Lodi Agreli;História;EDUFU;R$ 30,00;R$ 30,00;
9788570785213;Ensino de tradução: proposições didáticas à luz da competência tradutória;Marileide Dias Esqueda;LETRAS E LINGUISTICA;EDUFU;R$ 30,00;R$ 30,00;123
9788542303100;MANUAL PARA NORMALIZACAO DE PUBLICACOES TECNICO-CI;"ANA CRISTINA DE VASCONCELLOS ; JUNIA LESSA FRANCA";SOCIOLOGIA;UFMG;R$ 68,00;R$ 54,40;1
9788570414519;ANALISE DE DADOS ATRAVES DE METODOS DE ESTATISTICA MU;SUELI APARECIDA MINGOTI;CIENCIAS EXATAS E DA TERRA;UFMG;R$ 69,00;R$ 55,20;2
9788570419125;ANTIMODERNOS, OS - DE JOSEPH DE MAISTRE A ROLAND BART;ANTOINE COMPAGNON;LITERATURA / CULTURA;UFMG;R$ 75,00;R$ 60,00;1
9788542303025;ASTRONOMIA NO ENSINO DE CIENCIAS;ARJUNA C. PANZERA;EDUCACAO;UFMG;R$ 98,00;R$ 78,40;2
9788542302400;ATLAS OU O GAIO SABER INQUIETO - O OLHO DA HISTORIA, III;GEORGES DIDI-HUBERMAN;FILOSOFIA;UFMG;R$ 86,00;R$ 68,80;2
9786558581291;ATUAR COM A ACAO FISICA POR MEIO DO ALVO;LUIZ OTAVIO CARVALHO GONCALVES DE SOUZA;CINEMA E TEATRO;UFMG;R$ 48,00;R$ 38,40;2
9788553128136;AVILENDAS;"JOSE CARLOS ARAGAO; LUCIANO TASSO";LITERATURA INFANTOJUVENIL;UFMG;R$ 34,00;R$ 27,20;5
9788542301410;BIOTECNOLOGIAS - NOVOS DESAFIOS E NOVA RESPONSABILID;LILIAN SIMONE GODOY FONSECA;FILOSOFIA;UFMG;R$ 75,00;R$ 60,00;2
9788542302387;BIOTECNOLOGIAS E REGULACOES: DESAFIOS CONTEMPORANE;IVAN DOMINGUES;FILOSOFIA;UFMG;R$ 65,00;R$ 52,00;2
9788542300222;CHAMADO DA CIDADE, O - ENSAIOS SOBRE A URBANIDADE;"ROBERT PECHMAN ; ELIANA KUSTER";SOCIOLOGIA;UFMG;R$ 57,00;R$ 45,60;2
9788553128167;CHOPIN, O CUPIM;"ROCHEL MONTERO LAGO ; TOMAS MOURA MONTERO (ILUSTRACAO); FABIOLA DE OLIVEIRA PAES LEME";LITERATURA INFANTOJUVENIL;UFMG;R$ 33,00;R$ 26,40;5
9788570417497;CIENCIA NA TELA - EXPERIMENTOS NO RETROPROJETOR;"DEBORA D'AVILA REIS; ALFREDO LUIS MATEUS ; HELDER F. PAULA";EDUCACAO;UFMG;R$ 41,00;R$ 32,80;2
9788542302530;CIENCIAS DA NATUREZA NA EDUCACAO INFANTIL;"MARIA EMILIA CAIXETA DE CASTRO LIMA ; MAIRY BARBOSA LOUREIRO DOS SANTOS";EDUCACAO;UFMG;R$ 55,00;R$ 44,00;2
9786558581314;CLASSIFICACAO EM ARQUIVOS: FUNDAMENTOS E PRATICAS;CLARISSA MOREIRA DOS SANTOS SCHMIDT;SOCIOLOGIA;UFMG;R$ 69,00;R$ 55,20;2
9788570415929;COM QUANTOS TOLOS SE FAZ UMA REPUBLICA? PADRE CORRE;MARIA MARTA ARAUJO;LITERATURA / CULTURA;UFMG;R$ 47,00;R$ 37,60;2
9786558580744;COMMUNITAS: ORIGEM E DESTINO DA COMUNIDADE;ROBERTO ESPOSITO;FILOSOFIA;UFMG;R$ 65,00;R$ 52,00;1
9786586320039;COMO SE FORMA A LAVA DOS VULCOES;"DEBORA D'AVILA REIS; DAVI MARTINS RODRIGUES ; ARACY ALVES MARTINS";LITERATURA INFANTOJUVENIL;UFMG;R$ 31,00;R$ 24,80;5
9788570419958;COMPORTAMENTO ELEITORAL E COMUNICACAO POLITICA NA A;"HELCIMARA TELLES ; ALEJANDRO MORENO";SOCIOLOGIA;UFMG;R$ 83,00;R$ 66,40;2
9788570419231;CONHECIMENTO E INCLUSAO SOCIAL - 40 ANOS DE PESQUISA E;ELIANE MARTA TEIXEIRA LOPES;EDUCACAO;UFMG;R$ 55,00;R$ 44,00;1
9788542300413;CORPOS PAGAOS- USOS NA CULTURA BRASILEIRA -1960-1980;MARIO CAMARA;LITERATURA / CULTURA;UFMG;R$ 53,00;R$ 42,40;2
9788570416094;DA ARTE - UMA LEITURA DO GORGIAS DE PLATAO;CAROLINA ARAUJO;ARQUITETURA E ARTES;UFMG;R$ 39,00;R$ 31,20;2
9788570419156;DA COR DE TERRA - REPRESENTACOES SOCIAIS DE PROFESSO;MARIA ISABEL ANTUNES-ROCHA;EDUCACAO;UFMG;R$ 39,00;R$ 31,20;2
9788553128006;DE ONDE VEM A AGUA DOS RIOS?;"JANE OLIVEIRA (ILUSTRACAO); BERNARDO GONTIJO";LITERATURA INFANTOJUVENIL;UFMG;R$ 24,00;R$ 19,20;5
9788570418258;DEMASIADO HUMANO;"MARIA INES DE ALMEIDA ; PATRICIA KAUARK LEITE";EDUCACAO;UFMG;R$ 33,00;R$ 26,40;2
9786558581055;DESVIOS DA ARQUITETURA: IMAGEM E CULTURA CONTEMPORA;"JUNIA CAMBRAIA MORTIMER; EDUARDO AUGUSTO COSTA";ARQUITETURA E ARTES;UFMG;R$ 100,00;R$ 80,00;2
9788542300345;DIALOGO SOBRE O TEMA DA DIVINDADE;FRANCOIS DE LA MOTHE LE VOYER;FILOSOFIA;UFMG;R$ 28,00;R$ 22,40;3
9788570419729;DIANTE DO TEMPO - HISTORIA DA ARTE E ANACRONISMO DAS I;GEORGES DIDI-HUBERMAN;ARQUITETURA E ARTES;UFMG;R$ 72,00;R$ 57,60;2
9788542302998;DOIS: A MAQUINA DA TEOLOGIA POLITICA E O LUGAR DO PENSA;ROBERTO ESPOSITO;FILOSOFIA;UFMG;R$ 68,00;R$ 54,40;1
9788542302257;DOSSIE PIERRE BOURDIEU;"UWE BITTLINGMAYER ; JESSE SOUZA";SOCIOLOGIA;UFMG;R$ 54,00;R$ 43,20;5
9788542300499;EDICAO E REVOLUCAO - LEITURAS COMUNISTAS NO BRASIL E N;"MARISA MIDORI DEAECTO ; JEAN-YVES MOLLIER";HISTORIA;UFMG;R$ 75,00;R$ 60,00;2
9788542303179;EMBRIAGUEZ;JEAN-LUC NANCY;FILOSOFIA;UFMG;R$ 23,00;R$ 18,40;2
9788570418555;ENSAIO SOBRE O RADIO E O CINEMA: ESTETICA E TECNICA DAS;PIERRE SCHAEFFER;CINEMA E TEATRO;UFMG;R$ 50,00;R$ 40,00;2
9788542301441;ENSINO DE QUIMICA MEDIADO PELA TICS;ALFREDO LUIS MATEUS;EDUCACAO;UFMG;R$ 61,00;R$ 48,80;2
9788542301953;ENTRE TEXTOS E PRETEXTOS - A PRODUCAO ESCRITA DE CRIA;"PATRICIA GUIMARAES VARGAS; MARIA DE FATIMA CARDOSO GOMES ; MAIRA TOMAYNO DE MELO DIAS";LITERATURA / CULTURA;UFMG;R$ 66,00;R$ 52,80;2
9788570419934;ENTRENOTAS - COMPREENSOES DE PESQUISA;CASSIO E. VIANA HISSA;EDUCACAO;UFMG;R$ 41,00;R$ 32,80;5
9788542302783;ERA DAS CARTAS, A;ANTOINE COMPAGNON;LITERATURA;UFMG;R$ 46,00;R$ 36,80;5
9786558580409;ESTRATEGIAS DE VISUALIDADE NA LITERATURA O OLHO SEBAL;KELVIN FALCAO KLEIN;LITERATURA;UFMG;R$ 68,00;R$ 54,40;2
9788542300208;ETICA DO BEM-DIZER NOS ESTUDOS LACANIANOS SOBRE A CO;LAURA LUSTOSA RUBIAO;LITERATURA;UFMG;R$ 45,00;R$ 36,00;1
9788542300437;EXPANSOES CONTEMPORANEAS - LITERATURA E OUTRAS FOR;"ANA KIFFER; FLORENCIA GARRAMUÑO";LITERATURA;UFMG;R$ 37,00;R$ 29,60;2
9786558581109;FAMILIA, ESCOLA E DESEMPENHO ESCOLAR;"MARIA ALICE NOGUEIRA ; CLAUDIO MARQUES MARTINS NOGUEIRA; TANIA DE FREITAS RESENDE";EDUCACAO;UFMG;R$ 68,00;R$ 54,40;2
9788542302516;FORMACAO EM JORNALISMO - DA PROSPECCAO DOS ACONTEC;BRUNO SOUZA LEAL;COMUNICACAO;UFMG;R$ 32,00;R$ 25,60;5
9788570413505;FUNCOES DA RETORICA PARLAMENTAR NA REVOLUCAO FRANC;HANS ULRICH GUMBRECHT;HISTORIA;UFMG;R$ 46,00;R$ 36,80;1
9786558581284;GANHAR A SAIDA;ANTOINE COMPAGNON;LITERATURA / CULTURA;UFMG;R$ 23,00;R$ 18,40;1
9788542300543;GEOGRAFIAS E IDEOLOGIAS - SUBMETER E QUALIFICAR;"ROGATA SOARES DEL GAUDIO ; DORALICE BARROS PEREIRA";CIENCIAS EXATAS E DA TERRA;UFMG;R$ 46,00;R$ 36,80;2
9788570411501;HANNAH ARENDT E A BANALIDADE DO MAL;NADIA SOUKI;POLITICA;UFMG;R$ 45,00;R$ 36,00;1
9786558580553;HISTORIA, EPIDEMIAS E CAPITALISMO;JOAO ANTONIO DE PAULA;HISTORIA;UFMG;R$ 59,00;R$ 47,20;2
9788542302080;HISTORIA, ESTADO E IDEALISMO ALEMAO;"JOSE LUIZ BORGES HORTA ; KARINE SALGADO";POLITICA;UFMG;R$ 42,00;R$ 33,60;0
9788570413239;HISTORIAS LOCAIS / PROJETOS GLOBAIS: COLONIALIDADE, SAB;WALTER D. MIGNOLO;EDUCACAO;UFMG;R$ 77,00;R$ 61,60;2
9788542303209;IMPRESSAO E EXPRESSAO: FORMAS DO IMEDIATO EM WALTER;GEORG OTTE;LITERATURA / CULTURA;UFMG;R$ 44,00;R$ 35,20;2
9788542301649;INADEQUADO PARA O FUTURO - A NECESSIDADE DE MELHORAM;"JULIAN SAVULESCU; INGMAR PERSSON";FILOSOFIA;UFMG;R$ 45,00;R$ 36,00;2
9788542302554;INDICIONARIO DO CONTEMPORANEO;"JORGE WOLFF; WANDER MELO MIRANDA ; PALOMA VIDAL; RAFAEL GUTIERREZ; LUCIANA DI LEONE; DIANA KLINGER; MARIO CAMARA ; ARIADNE COSTA; ANTONIO ANDRADE; CELIA PEDROSA; FLORENCIA GARRAMUÑO ; REINALDO MARQUES ; RAUL ANTELO ; ANTONIO CARLOS SANTOS";LITERATURA;UFMG;R$ 52,00;R$ 41,60;2
9788570415530;INDUSTRIA AUTOMOBILISTICA NAS AMERICAS, A - A RECONFIGU;"ALEX COVARRUBIAS; ADALBERTO CARDOSO";SOCIOLOGIA;UFMG;R$ 63,00;R$ 50,40;2
9788570414595;INFANCIA E HISTORIA - DESTRUICAO DA EXPERIENCIA E ORIGE;GIORGIO AGAMBEN;FILOSOFIA;UFMG;R$ 57,00;R$ 45,60;3
9786558581062;INFORMACAO E IMAGINARIO;ARMANDO MALHEIRO DA SILVA;COMUNICACAO;UFMG;R$ 62,00;R$ 49,60;2
9788570417541;INFORMACAO, SAUDE E REDES SOCIAIS - DIALOGOS DE CONHE;"REGINA MARIA MARTELETO ; EDUARDO NAVARRO STOTZ";COMUNICACAO;UFMG;R$ 28,00;R$ 22,40;2
9788570417398;INTERACAO E APRENDIZAGEM EM AMBIENTE VIRTUAL;VERA LUCIA MENEZES;EDUCACAO;UFMG;R$ 50,00;R$ 40,00;2
9788542302448;INTRODUCAO A TEORIA DEMOCRATICA: CONCEITOS, HISTORIAS;"RICARDO FABRINO MENDONCA; ELEONORA SCHETTINI MARTINS CUNHA";POLITICA;UFMG;R$ 94,00;R$ 75,20;1
9786558580768;JUVENTUDES, TRAUMA E SEGREGACAO;"RODRIGO GOES E LIMA (ORG); ANDREA MARIS CAMPOS GUERRA (ORG); ANA CAROLINA DIAS SILVA (ORG)";PSICOLOGIA / PSICANALISE;UFMG;R$ 57,00;R$ 45,60;2
9786558580355;LEGIBILIDADE DO MUNDO, A;HANS BLUMENBERG;FILOSOFIA;UFMG;R$ 98,00;R$ 78,40;1
9788570417220;LEITURAS CRITICAS SOBRE LEONARDO BOFF;JUAREZ GUIMARAES;SOCIOLOGIA;UFMG;R$ 40,00;R$ 32,00;2
9786558580980;LETRAMENTOS VISUAIS E FORMACAO DE PROFESSORES DE LI;"ANDREA MACHADO DE ALMEIDA MATTOS; DANIEL DE MELLO FERRAZ";EDUCACAO;UFMG;R$ 70,00;R$ 56,00;2
9788570417206;LINGUISTICA, TRADUCAO, DISCURSO;"GLAUCIA MUNIZ PROENCA LARA ; MARIA ANTONIETA COHEN";LINGUISTICA / LINGUA PORTUGUESA;UFMG;R$ 50,00;R$ 40,00;2
9788570419460;LITERATURA BRASILEIRA 1930;"MARIA CECILIA BOECHAT ; JOSE AMERICO MIRANDA ; ANDREA SIRIHAL WERKEMA ; SILVANA MARIA PESSOA DE OLIVEIRA";LITERATURA / CULTURA;UFMG;R$ 46,00;R$ 36,80;2
9788570417695;LITERATURA E GUERRA;"TOM BURNS ; ELCIO CORNELSEN";LITERATURA / CULTURA;UFMG;R$ 50,00;R$ 40,00;2
9788570419354;LITERATURA E REVOLUCAO;"IZABEL MARGATO ; RENATO CORDEIRO GOMES";LITERATURA / CULTURA;UFMG;R$ 50,00;R$ 40,00;2
9788570417534;LITERATURA PARA QUE ?;ANTOINE COMPAGNON;LITERATURA / CULTURA;UFMG;R$ 23,00;R$ 18,40;1
9788570418791;LIVROS & TELAS;"CELIA ABICALIL BELMIRO ; ARACY ALVES MARTINS ; GRACA PAULINO ; MARIA ZELIA VERSIANI MACHADO";EDUCACAO;UFMG;R$ 57,00;R$ 45,60;2
9786588592144;MANUAIS PARA EDUCACAO DO CORPO: EDUCACAO FISICA, MO;"EVELISE AMGARTEN QUITZAU; IARA MARINA DOS ANJOS BONIFACIO; ANDREA MORENO";EDUCACAO FISICA / SAUDE;UFMG;R$ 30,00;R$ 24,00;5
9788570418395;MAQUIAVEL: DIALOGO SOBRE NOSSA LINGUA E DISCURSO SOB;NICOLAU MAQUIAVEL;FILOSOFIA;UFMG;R$ 25,00;R$ 20,00;2
9788570414069;MARAVILHAS DO MUNDO ANTIGO - HERODOTO, PAI DA HISTORI;COMPRAR;HISTORIA;UFMG;R$ 39,00;R$ 31,20;2
9788542301427;MERGULHO NA REGIAO DO ESPANTO;RUI MOURAO;LITERATURA;UFMG;R$ 53,00;R$ 42,40;2
9788542301960;METAMORFOSES DO CAPITALISMO E PROCESSOS DE CATCH-U;EDUARDO DA MOTTA E ALBUQUERQUE;ECONOMIA;UFMG;R$ 99,00;R$ 79,20;3
9786586320046;MIUDA;MAURICIO GUILHERME SILVA JR.;LITERATURA INFANTOJUVENIL;UFMG;R$ 30,00;R$ 24,00;3
9788570412898;MOBILIDADE DAS FRONTEIRAS, A - INSERCOES DA GEOGRAFIA;CASSIO E. VIANA HISSA;ANTROPOLOGIA;UFMG;R$ 57,00;R$ 45,60;2
9788542300475;MODERNIDADE GLOBAL E CIVILIZACAO CONTEMPORANEA - PAR;JOSE MAURICIO DOMINGUES;SOCIOLOGIA;UFMG;R$ 72,00;R$ 57,60;2
9786588592199;MULTIPLAS LINGUAGENS COMPOSICIONAIS DE JOSE MARIA NE;"MODESTO FONSECA; JAYME CABRAL GUIMARAES; OILIAM LANNA";MUSICA;UFMG;R$ 30,00;R$ 24,00;2
9788570419774;MUNDO SOBRE PAPEL, UM - LIVROS, GRAVURAS E IMPRESSOS;WERNER THOMAS;HISTORIA;UFMG;R$ 154,00;R$ 123,20;2
9786588592038;MUNDOS POSSIVEIS: CULTURAS EM PENSAMENTO;"FERNANDO MENCARELLI; MONICA MEDEIROS RIBEIRO";ARQUITETURA E ARTES;UFMG;R$ 33,00;R$ 26,40;2
9788542300062;NA GENESE DAS RACIONALIDADES MODERNAS - EM TORNO DE;"PIERRE CAYE ; FRANCESCO FURLAN ; CARLOS ANTONIO LEITE BRANDAO ; MAURICIO ALVES LOUREIRO";FILOSOFIA;UFMG;R$ 69,00;R$ 55,20;2
9788553128105;O QUE E MEMORIA?;FABIANO MORAES;LITERATURA INFANTOJUVENIL;UFMG;R$ 36,00;R$ 28,80;2
9786558581024;O QUE E TRADUZIR?;MARC DE LAUNAY;LINGUISTICA / LINGUA PORTUGUESA;UFMG;R$ 42,00;R$ 33,60;2
9788553128099;O QUE E UM LIVRO?;"ANA ELISA RIBEIRO; ANNA CUNHA (ILUSTRACAO)";LITERATURA INFANTOJUVENIL;UFMG;R$ 24,00;R$ 19,20;2
9788553128044;O QUE EXISTE? O QUE NAO EXISTE?;"CARLA COSCARELLI; CLAUDIA JUSSAN (ILUSTRACAO)";LITERATURA INFANTOJUVENIL;UFMG;R$ 24,00;R$ 19,20;5
9786558580560;O TRABALHO DA OBRA MAQUIAVEL;CLAUDE LEFORT;POLITICA;UFMG;R$ 189,90;R$ 151,92;1
9786558580010;O TRATADO DE GUERRA;ANGELO MACHADO;FICCAO;UFMG;R$ 66,00;R$ 52,80;1
9786558581215;PAISAGEM COMO MODO DE ENTENDER O MUNDO;LAURA BEATRIZ LAGE;ARQUITETURA E ARTES;UFMG;R$ 69,00;R$ 55,20;2
9788542302981;PARA ALEM DAS FRONTEIRAS: A POLITICA LINGUISTICA BRASILE;LEANDRO RODRIGUES ALVES DINIZ;LINGUISTICA / LINGUA PORTUGUESA;UFMG;R$ 70,00;R$ 56,00;2
9788542301588;PARTICIPACAO E CONTROLE SOCIAL EM SANEAMENTO BASICO;"SONALY CRISTINA REZENDE ; MARLUCE MARTINS DE AGUIAR; LEO HELLER";ENGENHARIAS;UFMG;R$ 72,00;R$ 57,60;2
9786558581253;PASSADOS CITADOS POR JEAN-LUC GODARD;GEORGES DIDI-HUBERMAN;CINEMA E TEATRO;UFMG;R$ 69,00;R$ 55,20;0
9788570414779;PASSAGENS;WALTER BENJAMIN;FILOSOFIA;UFMG;R$ 297,00;R$ 237,60;1
9788570414908;PLANETAS SEM BOCA - ESCRITOS EFEMEROS SOBRE ARTE, CU;HUGO ACHUGAR;LITERATURA / CULTURA;UFMG;R$ 67,00;R$ 53,60;2
9788570418166;PODE O SUBALTERNO FALAR?;GAYATRI CHAKRAVORTY SPIVAK;LITERATURA / CULTURA;UFMG;R$ 31,00;R$ 24,80;5
9788570416940;PODER NO PENSAMENTO SOCIAL , O - DISSONANCIAS;RENARDE FREIRE NOBRE;SOCIOLOGIA;UFMG;R$ 35,00;R$ 28,00;2
9788542301267;POLITICAS DA FICCAO;"IZABEL MARGATO ; RENATO CORDEIRO GOMES";LITERATURA / CULTURA;UFMG;R$ 73,00;R$ 58,40;2
9788553128013;POR QUE OS ANIMAIS ENTRAM EM EXTINCAO?;"BERNARDO GONTIJO; RAFAELA MIYAI (ILUSTRACAO)";LITERATURA INFANTOJUVENIL;UFMG;R$ 24,00;R$ 19,20;5
9788553128082;PRA QUE SERVE A ARTE?;"ANA CRISTINA C. PEREIRA; ELIETTE ALEIXO; ROSVITA KOLB BERNARDES";LITERATURA INFANTOJUVENIL;UFMG;R$ 24,00;R$ 19,20;5
9788553128181;PRINCIPE GIRINO, O;"FABIOLA DE OLIVEIRA PAES LEME; CATARINA MOURA MONTERO (ILUSTRACAO); ROCHEL MONTERO LAGO";LITERATURA INFANTOJUVENIL;UFMG;R$ 28,00;R$ 22,40;5
9788542301595;PROFETISA E O HISTORIADOR, A - SOBRE A FEITICEIRA DE JUL;MARIA JULIANA GAMBOGI TEIXEIRA;HISTORIA;UFMG;R$ 54,00;R$ 43,20;2
9788542301793;QUANDO AS IMAGENS TOMAM POSICAO - O OLHO DA HISTORIA;GEORGES DIDI-HUBERMAN;LITERATURA / CULTURA;UFMG;R$ 66,00;R$ 52,80;5
9788553128068;QUEM INVENTOU O LAPIS?;"TATIANA KAWANISHI (ILUSTRACAO); ISABEL FRADE; MARIA ZELIA VERSIANI MACHADO";LITERATURA INFANTOJUVENIL;UFMG;R$ 24,00;R$ 19,20;5
9788570414816;REBELDES LITERARIOS DA REPUBLICA - HISTORIA E IDENTIDAD;ELIANA DE FREITAS DUTRA;HISTORIA;UFMG;R$ 33,00;R$ 26,40;2
9788570418548;REINVENCAO DO ESCRITOR, A - LITERATURA E MASS MEDIA;SERGIO DE SA;LITERATURA / CULTURA;UFMG;R$ 57,00;R$ 45,60;2
9788542302509;REMONTAGENS DO TEMPO SOFRIDO: O OLHO DA HISTORIA, II;GEORGES DIDI-HUBERMAN;HISTORIA;UFMG;R$ 66,00;R$ 52,80;5
9788570416933;SENTIMENTOS DO MUNDO - CICLO DE CONFERENCIAS DOS 80;"HELOISA MARIA MURGEL STARLING ; SANDRA REGINA GOULART ALMEIDA";SOCIOLOGIA;UFMG;R$ 39,00;R$ 31,20;2
9788570413033;SOB O SIGNO DA VONTADE POPULAR - O ORCAMENTO PARTICI;MARCIA RIBEIRO DIAS;POLITICA;UFMG;R$ 33,00;R$ 26,40;2
9788570418890;SOBREVIVENCIA DOS VAGA-LUMES;GEORGES DIDI-HUBERMAN;LITERATURA / CULTURA;UFMG;R$ 37,00;R$ 29,60;5
9788570418364;TEMAS ATUAIS EM DIDATICA;ADLA BETSAIDA MARTINS TEIXEIRA;EDUCACAO;UFMG;R$ 36,00;R$ 28,80;1
9786558580270;TEORIA CONTEMPORANEA DA RESTAURACAO;SALVADOR MUÑOZ VIÑAS;ARQUITETURA E ARTES;UFMG;R$ 72,00;R$ 57,60;4
9786558580393;TEORIA QUANTICA E FILOSOFIA TRANSCENDENTAL: DIALOGOS;PATRICIA KAUARK LEITE;FILOSOFIA;UFMG;R$ 87,00;R$ 69,60;1
9788570418098;TEORIA SOCIAL REALISTA - UM DIALOGO FRANCO - BRITANICO;FREDERIC VANDENBERGHE;SOCIOLOGIA;UFMG;R$ 61,00;R$ 48,80;5
9786580010011;TESSITURAS HIBRIDAS: ENCONTROS LATINO-AMERICANOS EM;GISELA BARCELLOS DE SOUZA;ARQUITETURA E ARTES;UFMG;R$ 40,00;R$ 32,00;2
9788570413734;TOPOGRAFIAS DA CULTURA - REPRESENTACAO, ESPACO E MEM;"MARIA ZILDA CURY ; GRACIELA RAVETTI ; MYRIAM AVILA";LITERATURA / CULTURA;UFMG;R$ 33,00;R$ 26,40;2
9788553128075;UM DIA LUMINOSO;"ADLANE VILAS-BOAS; FABRICIO FIDELIS; BRUNO ASSIS FONSECA (ILUSTRACAO)";LITERATURA INFANTOJUVENIL;UFMG;R$ 24,00;R$ 19,20;5
9788542302059;VERDADE ORDINARIA E VERDADE SUPREMA NO PENSAMENTO;GIUSEPPE FERRARO;FILOSOFIA;UFMG;R$ 62,00;R$ 49,60;2
9786558581222;VIRTUDES DA REPUBLICA, AS;"PHILIPPE OLIVEIRA DE ALMEIDA; KARINE SALGADO";FILOSOFIA;UFMG;R$ 51,00;R$ 40,80;4
9788570419347;VISIVEL E O INTELIGIVEL, O - ESTUDOS SOBRE A PERCEPCAO E;"FERNANDO REY PUENTE ; MIRIAM CAMPOLINA DINIZ PEIXOTO ; MARCELO PIMENTA MARQUES";FILOSOFIA;UFMG;R$ 35,00;R$ 28,00;2
9788570418340;CINCO PARADOXOS DA MODERNIDADE, OS;ANTOINE COMPAGNON;LITERATURA / CULTURA;UFMG;R$ 47,00;R$ 37,60;5
9788570418319;DEMONIO DA TEORIA, O - LITERATURA E SENSO COMUM;ANTOINE COMPAGNON;LITERATURA / CULTURA;UFMG;R$ 54,00;R$ 43,20;5
9788570419965;ESPACO E POLITICA: O DIREITO A CIDADE II;HENRI LEFEBVRE;FILOSOFIA;UFMG;R$ 51,00;R$ 40,80;4
9786558580966;FOUCAULT, A ARQUEOLOGIA E AS PALAVRAS E AS COISAS - 50 A;IVAN DOMINGUES;FILOSOFIA;UFMG;R$ 65,00;R$ 52,00;2
9788542300420;LEXICO DA HISTORIA DOS CONCEITOS POLITICOS DO BRASIL;JOAO FERES JUNIOR;HISTORIA;UFMG;R$ 77,00;R$ 61,60;1
9788542300147;LOCAL DA CULTURA, O;HOMI K. BHABHA;LITERATURA / CULTURA;UFMG;R$ 69,00;R$ 55,20;3
9788570413178;TOQUE DE CLASSICOS, UM - MARX - DURKHEIM - WEBER - REVI;"TANIA QUINTANEIRO ; MARCIA GARDENIA MONTEIRO OLIVEIRA ; MARIA LIGIA DE OLIVEIRA BARBOSA";SOCIOLOGIA;UFMG;R$ 56,00;R$ 44,80;3
9786558581086;DA DIASPORA - IDENTIDADES E MEDIACOES CULTURAIS;"STUART HALL ; LIV SOVIK";LITERATURA / CULTURA;UFMG;R$ 65,00;R$ 52,00;4
9788539300716;ABOLICAO - 9. EDICAO, A ;EMILIA VIOTTI DA COSTA;ANTROPOLOGIA / HISTORIA DO BRASIL / POLITICA;UNESP;R$ 54,00;R$ 43,20;3
9788539301843;ABOLICAO ;SEYMOUR DRESCHER;ANTROPOLOGIA / HISTORIA GERAL;UNESP;R$ 148,00;R$ 118,40;2
9788539307814;ACELERACAO ;HARTMUT ROSA;SOCIOLOGIA;UNESP;R$ 105,00;R$ 84,00;2
9788539300457;ADEUS A RAZAO ;PAUL FEYERABEND;ARTES / CIENCIAS EXATAS / FILOSOFIA;UNESP;R$ 88,00;R$ 70,40;5
9788571395916;ADMINISTRACAO, PODER E IDEOLOG;TRAGTENBERG, MAURICIO;ECONOMIA / POLITICA / SOCIOLOGIA;UNESP;R$ 55,00;R$ 44,00;4
9788539301287;AFINACAO DO MUNDO - 2. EDICAO, ;R. MURRAY SCHAFER;CIENCIAS EXATAS / FILOSOFIA / MUSICA;UNESP;R$ 82,00;R$ 65,60;5
9788539307869;AFINIDADES REVOLUCIONARIAS - 2 ;OLIVIER BESANCENOT , MICHAEL LÖWY;HISTORIA GERAL / POLITICA;UNESP;R$ 45,00;R$ 36,00;7
9786557110034;ALIANCA PARA O PROGRESSO E O G ;FELIPE PEREIRA LOUREIRO;HISTORIA DO BRASIL / POLITICA / RELACOES INTERNACIONAIS;UNESP;R$ 75,00;R$ 60,00;5
9788539304974;AMEACA DO FANTASTICO, A ;DAVID ROAS;BIOGRAFIA, DIARIO E CORRESPONDENCIA / COMUNICACAO / LETRAS E LINGUISTICA;UNESP;R$ 48,00;R$ 38,40;5
9786557112038;ANO MIL, O;FOCILLON, HENRI;HISTORIA GERAL;UNESP;R$ 58,00;R$ 46,40;5
9788539306886;ANTROPOLOGIA DO NOME ;SYLVAIN LAZARUS;POLITICA / SOCIOLOGIA;UNESP;R$ 60,00;R$ 48,00;5
9788571399495;AO SUL DO CORPO - 2. EDICAO ;MARY DEL PRIORE;HISTORIA DO BRASIL / POLITICA / SOCIOLOGIA;UNESP;R$ 72,00;R$ 57,60;2
9788571391239;ARTE DE LER, A ;JOSE MORAIS;EDUCACAO / LETRAS E LINGUISTICA;UNESP;R$ 74,00;R$ 59,20;2
9788571399068;ARTE/EDUCACAO COMO MEDIACAO CU ;ANA MAE BARBOSA, REJANE GALVAO COUTINHO;ARTES / EDUCACAO / SOCIOLOGIA;UNESP;R$ 76,00;R$ 60,80;5
9788539306756;ARTIFICACAO ;AFFONSO ROMANO DE SANT'ANNA;LETRAS E LINGUISTICA;UNESP;R$ 25,00;R$ 20,00;5
9788571399167;"ASCENSAO DO ""RESTO"", A ";ALICE H. AMSDEN;ECONOMIA / POLITICA / RELACOES INTERNACIONAIS;UNESP;R$ 88,00;R$ 70,40;5
9786557110089;ASPECTOS DO NOVO RADICALISMO ;THEODOR W. ADORNO;FILOSOFIA / POLITICA;UNESP;R$ 36,00;R$ 28,80;5
9788539306107;ASSIMETRIA E A VIDA, A;PRIMO LEVI, MARCO BELPOLITI (ORG);HISTORIA GERAL / POLITICA / SOCIOLOGIA;UNESP;R$ 70,00;R$ 56,00;5
9788571395749;ATORES E PODERES NA NOVA ORDEM ;GILBERTO DUPAS;ECONOMIA / POLITICA / RELACOES INTERNACIONAIS / SOCIOLOGIA;UNESP;R$ 68,00;R$ 54,40;7
9788571398986;AVALIAR PARA APRENDER ;DOMINGOS FERNANDES;EDUCACAO;UNESP;R$ 58,00;R$ 46,40;5
9788571392236;AVENTURA DO LIVRO, A ;ROGER CHARTIER;COMUNICACAO / HISTORIA CULTURAL / LIVROS SOBRE LIVROS;UNESP;R$ 82,00;R$ 65,60;5
9788539305056;BATALHA DO LIVRE COMERCIO, A ;MARISA VON BÜLOW;ECONOMIA / POLITICA / RELACOES INTERNACIONAIS;UNESP;R$ 68,00;R$ 54,40;5
9786557110072;BURACOS NEGROS ;ANDRE LANDULFO, GEORGE MATSAS, DANIEL VANZELLA;CIENCIAS EXATAS / FISICA;UNESP;R$ 38,00;R$ 30,40;2
9788571396562;BUROCRACIA E IDEOLOGIA - 2. ED;TRAGTENBERG, MAURICIO;ADMINISTRACAO / ECONOMIA / POLITICA / SOCIOLOGIA;UNESP;R$ 68,00;R$ 54,40;3
9788539307630;BUSCA DA LINGUA PERFEITA NA CULTURA;ECO, UMBERTO;LETRAS E LINGUISTICA;UNESP;R$ 76,00;R$ 60,80;6
9788539307296;CADEIA SECRETA, A ;FRANKLIN DE MATTOS;FILOSOFIA / LETRAS E LINGUISTICA;UNESP;R$ 44,00;R$ 35,20;5
9786557111574;CADERNOS DE RECEITAS ;ROSA BELLUZZO (ORG.), BETTY LOEB GREIBER (ORG.);GASTRONOMIA;UNESP;R$ 114,00;R$ 91,20;5
9788539306930;CAMINHO DESDE A ESTRUTURA - 2. ;THOMAS S. KUHN;FILOSOFIA;UNESP;R$ 82,00;R$ 65,60;5
9786557111826;CAMINHOS DA IDENTIDADE - 2. ED;OLIVEIRA, ROBERTO CARDOSO DE;ANTROPOLOGIA;UNESP;R$ 76,00;R$ 60,80;7
9786557110287;CAPITAL E A LOGICA DE HEGEL, O ;RUY FAUSTO;FILOSOFIA;UNESP;R$ 52,00;R$ 41,60;4
9788539306916;CAPITALISMO, SOCIALISMO E DEMO;SCHUMPETER, JOSEPH A.;ECONOMIA;UNESP;R$ 108,00;R$ 86,40;6
9788571392021;CAPITULOS DO MARXISMO OCIDENTA ;ISABEL LOUREIRO (ORG.), RICARDO MUSSE (ORG.);ECONOMIA / POLITICA;UNESP;R$ 64,00;R$ 51,20;2
9788539305681;CASAMENTO E MORAL;RUSSELL, BERTRAND;FILOSOFIA / POLITICA;UNESP;R$ 62,00;R$ 49,60;3
9788539307852;CATEGORIAS ;ARISTOTELES;FILOSOFIA;UNESP;R$ 65,00;R$ 52,00;4
9786557112229;CETICISMO;PRITCHARD, DUNCAN;FILOSOFIA;UNESP;R$ 52,00;R$ 41,60;9
9786557110478;CHAO DA MENTE, O ;LUIZ COSTA LIMA;LETRAS E LINGUISTICA;UNESP;R$ 69,00;R$ 55,20;2
9786557110386;CIDADANIA E CLASSE SOCIAL ;T. H. MARSHALL, TOM BOTTOMORE;SOCIOLOGIA;UNESP;R$ 46,00;R$ 36,80;4
9788539307425;CIENCIA DA DOR, A ;PEDRO MING AZEVEDO;SAUDE;UNESP;R$ 79,00;R$ 63,20;5
9788539305070;CIENCIA DA LINGUAGEM, A ;NOAM CHOMSKY;FILOSOFIA / LETRAS E LINGUISTICA;UNESP;R$ 96,00;R$ 76,80;4
9788571390287;CIENCIA E A FILOSOFIA DOS MODE ;PAOLO ROSSI;FILOSOFIA / HISTORIA CULTURAL / HISTORIA GERAL;UNESP;R$ 74,00;R$ 59,20;2
9788571390645;CIENCIA E AS CIENCIAS, A ;GILLES-GASTON GRANGER;FILOSOFIA;UNESP;R$ 45,00;R$ 36,00;2
9788571399396;CIENCIA E FE - 2. EDICAO ;GALILEU GALILEI;FILOSOFIA / RELIGIAO;UNESP;R$ 45,00;R$ 36,00;9
9788539301454;CIENCIA EM UMA SOCIEDADE LIVRE ;PAUL FEYERABEND;FILOSOFIA;UNESP;R$ 79,00;R$ 63,20;5
9788539306824;COLONIZACAO EXPLICADA A TODOS, ;MARC FERRO;HISTORIA GERAL / JOVEM LEITOR;UNESP;R$ 49,00;R$ 39,20;2
9788539300983;COMER E BEBER COMO DEUS MANDA;SANTOS, SERGIO DE PAULA;GASTRONOMIA / HISTORIA GERAL;UNESP;R$ 96,00;R$ 76,80;3
9788539305841;COMO CONSTRUIMOS UNIVERSOS;MARIMON, MONTSERRAT MORENO;FILOSOFIA / PSICOLOGIA E PSICANALISE;UNESP;R$ 78,00;R$ 62,40;7
9788539306701;CONCEITOS ESSENCIAIS DA SOCIOL;GIDDENS, ANTHONY;SOCIOLOGIA;UNESP;R$ 82,00;R$ 65,60;5
9788571397361;CONCEPCAO SEMANTICA DA VERDADE ;ALFRED TARSKI;FILOSOFIA / LETRAS E LINGUISTICA;UNESP;R$ 64,00;R$ 51,20;1
9788539305308;CONHECIMENTO E INTERESSE ;JÜRGEN HABERMAS;FILOSOFIA;UNESP;R$ 96,00;R$ 76,80;2
9788539301423;CONSCIENCIA;HILL, CHRISTOPHER S.;FILOSOFIA / PSICOLOGIA E PSICANALISE;UNESP;R$ 84,00;R$ 67,20;2
9786557111017;CONSCIENCIA MORAL E ACAO COMUN;HABERMAS, JURGEN;FILOSOFIA;UNESP;R$ 78,00;R$ 62,40;5
9788571390225;CONSEQUENCIAS DA MODERNIDADE, ;ANTHONY GIDDENS;SOCIOLOGIA;UNESP;R$ 63,00;R$ 50,40;2
9788539300389;CONSTRUCAO DO MUNDO HISTORICO;WILHELM DILTHEY;FILOSOFIA;UNESP;R$ 116,00;R$ 92,80;4
9788539301393;CONTRA O METODO - 2. EDICAO ;PAUL FEYERABEND;FILOSOFIA;UNESP;R$ 12,00;R$ 9,60;2
9788539307845;CONTRA OS ASTROLOGOS;SEXTO EMPIRICO;FILOSOFIA;UNESP;R$ 49,00;R$ 39,20;3
9788539306534;CONTRA OS NOVOS DESPOTISMOS ;NORBERTO BOBBIO;POLITICA;UNESP;R$ 46,00;R$ 36,80;2
9788571396203;COOPERACAO E DESENVOLVIMENTO H;CARLOS LOPES;POLITICA / RELACOES INTERNACIONAIS;UNESP;R$ 57,00;R$ 45,60;3
9788571394582;CORPO FEMININO EM DEBATE, O;MARIA IZILDA SANTOS DE MATOS;ANTROPOLOGIA / SOCIOLOGIA;UNESP;R$ 60,00;R$ 48,00;2
9788539308255;CRISE PERMANENTE, A ;MARC CHESNEY;ECONOMIA;UNESP;R$ 42,00;R$ 33,60;5
9788539306091;CRITICA DA CRITICA;TODOROV, TZVETAN;LINGUISTICA;UNESP;R$ 72,00;R$ 57,60;6
9786557110973;CRITICA DA RAZAO NA FENOMENOLO;MOURA, CARLOS ALBERTO RIBEIRO DE;FILOSOFIA;UNESP;R$ 69,00;R$ 55,20;4
9788539301782;CULTURA E MATERIALISMO ;RAYMOND WILLIAMS;FILOSOFIA / POLITICA / SOCIOLOGIA;UNESP;R$ 85,00;R$ 68,00;10
9788539304059;DA INTERPRETACAO ;ARISTOTELES;FILOSOFIA / LETRAS E LINGUISTICA;UNESP;R$ 57,00;R$ 45,60;3
9788539301584;DA LIBERDADE DO CRISTAO - 2. E;LUTERO, MARTINHO;LETRAS E LINGUISTICA / RELIGIAO;UNESP;R$ 42,00;R$ 33,60;11
9788539300334;DA SENZALA A COLONIA - 5. EDIC ;EMILIA VIOTTI DA COSTA;HISTORIA DO BRASIL / POLITICA;UNESP;R$ 102,00;R$ 81,60;3
9788539305698;DE HEGEL A NIETZSCHE;LOWITH, KARL;FILOSOFIA;UNESP;R$ 106,00;R$ 84,80;8
9788571391659;DECADA DE 1920 E AS ORIGENS DO ;HELENA CARVALHO DE LORENZO (ORG.), WILMA PERES DA COSTA (ORG.);HISTORIA CULTURAL / HISTORIA DO BRASIL / POLITICA;UNESP;R$ 74,00;R$ 59,20;2
9788539305001;DEMOCRACIA E REPRESENTACAO;MIGUEL, LUIS FELIPE;POLITICA / SOCIOLOGIA;UNESP;R$ 69,00;R$ 55,20;5
9788539306084;DEMOCRACIA E SEGREDO ;NORBERTO BOBBIO;POLITICA;UNESP;R$ 36,00;R$ 28,80;2
9788539305452;DESAFIOS DA SOCIEDADE CONTEMPO;DUPAS, GILBERTO;BIOGRAFIA, DIARIO E CORRESPONDENCIA / FILOSOFIA / SOCIOLOGIA;UNESP;R$ 57,00;R$ 45,60;3
9788539300044;DESENVOLVIMENTO DA CRIANCA - 3;LEITE, DANTE MOREIRA;EDUCACAO / PSICOLOGIA E PSICANALISE;UNESP;R$ 90,00;R$ 72,00;2
9788539300730;DESESPERO HUMANO, O;KIERKEGAARD, SØREN;FILOSOFIA / PSICOLOGIA E PSICANALISE;UNESP;R$ 64,00;R$ 51,20;6
9788539307890;DEVERES E DELEITES;TODOROV, TZVETAN;BIOGRAFIA, DIARIO E CORRESPONDENCIA / LETRAS E LINGUISTICA;UNESP;R$ 94,00;R$ 75,20;3
9788539305339;DIALETICA INVERTIDA E OUTROS ;EMILIA VIOTTI DA COSTA;HISTORIA DO BRASIL / HISTORIA GERAL / POLITICA;UNESP;R$ 62,00;R$ 49,60;2
9786557112410;DIASPORA AFRICANA NA INDIA - 2;ANDREAS HOFBAUER;ANTROPOLOGIA;UNESP;R$ 109,00;R$ 87,20;7
9788539300815;DIREITA E ESQUERDA - 3. EDICAO;NORBERTO BOBBIO;POLITICA;UNESP;R$ 52,00;R$ 41,60;25
9788571398511;DIREITO E PODER;BOBBIO, NORBERTO;DIREITO / POLITICA;UNESP;R$ 69,00;R$ 55,20;6
9788539307159;DIREITOS DOS POVOS INDIGENAS ;MANUELA CARNEIRO DA CUNHA ;DIREITO;UNESP;R$ 83,00;R$ 66,40;5
9786557110577;DISCURSO DE ODIO ;JUDITH BUTLER;FILOSOFIA / SOCIOLOGIA;UNESP;R$ 58,00;R$ 46,40;3
9788539307555;DISCURSO DO METODO & ENSAIOS ;RENE DESCARTES, PABLO RUBEN MARICONDA;FILOSOFIA;UNESP;R$ 138,00;R$ 110,40;1
9788539304615;DITADURA EM IMAGEM E SOM;CAROLINE GOMES LEMES;ARTES / HISTORIA DO BRASIL / POLITICA;UNESP;R$ 86,00;R$ 68,80;2
9788539304981;DOIS PROBLEMAS FUNDAMENTAIS DA;KARL POPPER;FILOSOFIA;UNESP;R$ 114,00;R$ 91,20;3
9786557112175;DOMINACAO E DESIGUALDADE ;PAUL SINGER, ANDRE SINGER (ORG.), HELENA SINGER (ORG.), SUZANA SINGER (ORG.);ECONOMIA / POLITICA;UNESP;R$ 68,00;R$ 54,40;10
9788571393738;DOUTRINA DOS MODOS DE PERCEPCA ;LIVIO TEIXEIRA;FILOSOFIA;UNESP;R$ 62,00;R$ 49,60;5
9788539303984;DRAFT A DO ENSAIO SOBRE O ENTE;JOHN LOCKE;FILOSOFIA;UNESP;R$ 49,00;R$ 39,20;5
9788539306145;ECLIPSE DA RAZAO ;MAX HORKHEIMER;FILOSOFIA / HISTORIA GERAL;UNESP;R$ 60,00;R$ 48,00;5
9786557111598;ECONOMIA SOLIDARIA;SINGER, PAUL;ECONOMIA / POLITICA / SOCIOLOGIA;UNESP;R$ 48,00;R$ 38,40;3
9786557111451;EDITAR E TRADUZIR;ROGER CHARTIER;HISTORIA CULTURAL / HISTORIA GERAL / LIVROS SOBRE LIVROS;UNESP;R$ 88,00;R$ 70,40;5
9788539306947;EDUCACAO BASICA PUBLICA TEM SO N;HERMAN J. C. VOORWALD;EDUCACAO;UNESP;R$ 40,00;R$ 32,00;5
9788539302628;EDUCACAO E BUROCRACIA;TRAGTENBERG, MAURICIO;EDUCACAO / POLITICA;UNESP;R$ 84,00;R$ 67,20;5
9788571395596;EDUCACAO E LETRAMENTO ;MARIA DO ROSARIO LONGO MORTATTI;EDUCACAO / JOVEM LEITOR / LETRAS E LINGUISTICA;UNESP;R$ 32,00;R$ 25,60;5
9788539307524;EDUCACAO E ORDEM SOCIAL ;BERTRAND RUSSELL;EDUCACAO / FILOSOFIA;UNESP;R$ 69,00;R$ 55,20;5
9788539301737;ELOGIO DA SERENIDADE - 2. EDIC;BOBBIO, NORBERTO;POLITICA / SOCIOLOGIA;UNESP;R$ 68,00;R$ 54,40;2
9788571394292;ELOGIO DA SERENIDADE - 2. EDIC ;NORBERTO BOBBIO;SOCIOLOGIA;UNESP;R$ 68,00;R$ 54,40;2
9788539302352;EM DEFESA DAS MULHERES ;JUAN BAUTISTA CUBIE;HISTORIA CULTURAL / HISTORIA GERAL / SOCIOLOGIA;UNESP;R$ 50,00;R$ 40,00;5
9786557110324;EM DEFESA DO UNIVERSAL ;FRANCIS WOLFF;ANTROPOLOGIA / FILOSOFIA / SOCIOLOGIA;UNESP;R$ 80,00;R$ 64,00;4
9788539307883;ENSAIOS FILOSOFICOS ;ADAM SMITH;FILOSOFIA;UNESP;R$ 80,00;R$ 64,00;5
9788539305926;ENSAIOS SOBRE PSICOLOGIA SOCIA ;THEODOR W. ADORNO;FILOSOFIA / PSICOLOGIA E PSICANALISE;UNESP;R$ 69,00;R$ 55,20;5
9788539300723;ERA DO CONHECIMENTO, A ;MARC HALEVY;ANTROPOLOGIA / FILOSOFIA;UNESP;R$ 79,00;R$ 63,20;1
9788571392144;ERRANTES DO FIM DO SECULO;SILVA, MARIA APARECIDA DE MORAES;GEOGRAFIA / HISTORIA DO BRASIL / SOCIOLOGIA;UNESP;R$ 82,00;R$ 65,60;2
9788571398795;ERUDICAO E CIENCIA;SILVEIRA, CELIA REGINA DA;BIOGRAFIA, DIARIO E CORRESPONDENCIA / LETRAS E LINGUISTICA;UNESP;R$ 63,00;R$ 50,40;3
9788539307876;ESCANDALOS DA TRADUCAO;VENUTI, LAWRENCE;LETRAS E LINGUISTICA;UNESP;R$ 79,00;R$ 63,20;5
9788539301379;ESCOLA DA INFANCIA, A ;JAN AMOS COMENIUS;EDUCACAO / FILOSOFIA / PSICOLOGIA E PSICANALISE;UNESP;R$ 49,00;R$ 39,20;4
9788571391284;ESCOLA DO HOMEM NOVO, A ;CARLOTA BOTO;EDUCACAO / FILOSOFIA / POLITICA;UNESP;R$ 58,00;R$ 46,40;5
9788539300761;ESCOLA DOS ANNALES (1929-1989) ;PETER BURKE;HISTORIA CULTURAL / HISTORIA GERAL;UNESP;R$ 62,00;R$ 49,60;5
9788539305278;ESCORIA DO MUNDO, A ;ELENI VARIKAS;POLITICA / SOCIOLOGIA;UNESP;R$ 53,00;R$ 42,40;5
9788539300952;ESCRITA DA HISTORIA - 2. EDICA ;PETER BURKE;HISTORIA CULTURAL / HISTORIA GERAL;UNESP;R$ 82,00;R$ 65,60;5
9788539307333;ESCRITA DO HISTORIADOR, A ;ZILDA MARCIA GRICOLI IOKOI (ORG.);HISTORIA GERAL;UNESP;R$ 53,00;R$ 42,40;5
9786557112281;ESCRITOS DE UM VIADO VERMELHO ;JAMES NAYLOR GREEN;HISTORIA DO BRASIL / SOCIOLOGIA;UNESP;R$ 98,00;R$ 78,40;9
9788571399211;ESCRITOS SOBRE CIENCIA E RELIG ;THOMAS HENRY HUXLEY;FILOSOFIA / RELIGIAO;UNESP;R$ 68,00;R$ 54,40;10
9788571398016;ESCUTAR O INVISIVEL;CALIL, EDUARDO;EDUCACAO / LETRAS E LINGUISTICA;UNESP;R$ 53,00;R$ 42,40;5
9788539306831;ESPERANCA DE PANDORA, A ;BRUNO LATOUR;FILOSOFIA;UNESP;R$ 72,00;R$ 57,60;5
9786557111635;ESPERANCA SEM OTIMISMO ;TERRY EAGLETON;FILOSOFIA;UNESP;R$ 54,00;R$ 43,20;5
9788571394056;ESTADOS UNIDOS E AMERICA LATIN;AYERBE, LUIS FERNANDO;HISTORIA GERAL / POLITICA / RELACOES INTERNACIONAIS / SOCIOLOGIA;UNESP;R$ 74,00;R$ 59,20;2
9788539308156;ESTUDOS SOBRE A PERSONALIDADE;ADORNO, THEODOR W.;FILOSOFIA / PSICOLOGIA E PSICANALISE / SOCIOLOGIA;UNESP;R$ 110,00;R$ 88,00;7
9788539300662;EVOLUCAO CRIADORA, A ;HENRI BERGSON;FILOSOFIA;UNESP;R$ 90,00;R$ 72,00;10
9788571396029;EVOLUCAO: O SENTIDO DA BIOLOGI ;DIOGO MEYER , CHARBEL NIÑO EL-HANI;CIENCIAS BIOLOGICAS / JOVEM LEITOR;UNESP;R$ 32,00;R$ 25,60;3
9788571397866;EXPERIENCIA DO STATUS, A ;ALEXANDRE BERGAMO;ANTROPOLOGIA / ARTES / SOCIOLOGIA;UNESP;R$ 72,00;R$ 57,60;2
9788571397217;EXPERIENCIA INDIZIVEL, A ;SILVIA FAUSTINO;FILOSOFIA;UNESP;R$ 64,00;R$ 51,20;1
9786557111727;EXPLICACAO DO COMPORTAMENTO, A;TAYLOR, CHARLES;ANTROPOLOGIA / FILOSOFIA;UNESP;R$ 78,00;R$ 62,40;7
9788571396098;EXPLICACAO SOCIOLOGICA NA MEDI;PEREIRA, JOSE CARLOS DE M;CIENCIAS BIOLOGICAS / MEDICINA / SAUDE / SOCIOLOGIA;UNESP;R$ 62,00;R$ 49,60;5
9788539307999;FABRICACAO DO DIREITO, A;LATOUR, BRUNO;FILOSOFIA;UNESP;R$ 79,00;R$ 63,20;10
9788539304035;FE E SABER ;JÜRGEN HABERMAS;FILOSOFIA / RELIGIAO;UNESP;R$ 26,00;R$ 20,80;9
9788539304653;FELICIDADE;GREVE, BENT;FILOSOFIA / SOCIOLOGIA;UNESP;R$ 42,00;R$ 33,60;10
9786557110317;FENOMENOLOGIA DO SER-SITUADO;MARANDOLA JR, EDUARDO;FILOSOFIA / GEOGRAFIA;UNESP;R$ 42,00;R$ 33,60;3
9788539304219;FIGURA DO HEROI ANTIGO NAS CRO ;SIMONE FERREIRA GOMES DE ALMEIDA;HISTORIA GERAL;UNESP;R$ 38,00;R$ 30,40;2
9788539303946;FILOSOFIA DA CIVILIZACAO;SCHWEITZER, ALBERT;FILOSOFIA;UNESP;R$ 82,00;R$ 65,60;4
9788539303564;FILOSOFIA DA LINGUAGEM DE JOHN ;SAVAS L. TSOHATZIDIS (ORG.);FILOSOFIA / LETRAS E LINGUISTICA;UNESP;R$ 76,00;R$ 60,80;5
9788539303557;FILOSOFIA DE MICHEL FOUCAULT,;DIAZ, ESTHER;FILOSOFIA;UNESP;R$ 62,00;R$ 49,60;2
9786557111314;FILOSOFIA ECONOMICA;ROBINSON, JOAN;ECONOMIA / FILOSOFIA;UNESP;R$ 74,00;R$ 59,20;7
9788571396197;FILOSOFIA, RACIONALIDADE, DEMO;HABERMAS, JURGEN;FILOSOFIA / POLITICA;UNESP;R$ 64,00;R$ 51,20;1
9788571395992;FILOSOFO AUTODIDATA, O;TUFAYL, IBN;EDUCACAO / FILOSOFIA;UNESP;R$ 56,00;R$ 44,80;3
9788539301133;FIM DAS CERTEZAS - 2. EDICAO, ;ILYA PRIGOGINE;CIENCIAS EXATAS / FILOSOFIA;UNESP;R$ 62,00;R$ 49,60;4
9788571396142;FMI SOB ATAQUE, O;ROTHBERG, DANILO;ECONOMIA / SOCIOLOGIA;UNESP;R$ 76,00;R$ 60,80;5
9786557110171;FOUCAULT ;GARY GUTTING;BIOGRAFIA, DIARIO E CORRESPONDENCIA / FILOSOFIA;UNESP;R$ 52,00;R$ 41,60;5
9788539307609;FRAGMENTOS DE UM DISCURSO AMOR ;ROLAND BARTHES;LETRAS E LINGUISTICA;UNESP;R$ 68,00;R$ 54,40;2
9786557110911;FUNDAMENTOS DE A ORIGEM DAS ES ;CHARLES DARWIN;CIENCIAS BIOLOGICAS;UNESP;R$ 72,00;R$ 57,60;2
9788539301386;GLOBALIZACAO FOI LONGE DEMAIS?;RODRIK, DANI;ECONOMIA / POLITICA / RELACOES INTERNACIONAIS;UNESP;R$ 50,00;R$ 40,00;10
9788571392007;GRANDE, O PEQUENO E A MENTE HU;PENROSE, ROGER;FILOSOFIA / FISICA;UNESP;R$ 60,00;R$ 48,00;5
9788539305292;GREGOS ACREDITAVAM EM SEUS MIT;VEYNE, PAUL;FILOSOFIA / HISTORIA GERAL;UNESP;R$ 52,00;R$ 41,60;5
9786557112151;GUERRA DOS CEM ANOS, A;MINOIS, GEORGES;HISTORIA GERAL;UNESP;R$ 128,00;R$ 102,40;3
9786557110546;GUERRAS DO LIVRO, AS ;JOHN B. THOMPSON;COMUNICACAO / LIVROS SOBRE LIVROS;UNESP;R$ 124,00;R$ 99,20;8
9788571391673;GUIA LITERARIO DA BIBLIA;ARTER, ROBERT;LETRAS E LINGUISTICA / RELIGIAO;UNESP;R$ 169,00;R$ 135,20;8
9788571391055;HEDONISMO E EXOTISMO;CAMPORESI, PIERO;ANTROPOLOGIA / SOCIOLOGIA;UNESP;R$ 53,00;R$ 42,40;1
9786557111338;HERMENEUTICA E CIENCIA SOCIAL ;ZYGMUNT BAUMAN;FILOSOFIA / SOCIOLOGIA;UNESP;R$ 78,00;R$ 62,40;4
9788539302147;HISTORIA A PROVA DO TEMPO - 2. ;FRANCOIS DOSSE;HISTORIA GERAL;UNESP;R$ 76,00;R$ 60,80;10
9786557111895;HISTORIA DA IDADE MEDIA;MINOIS, GEORGES;HISTORIA GERAL;UNESP;R$ 128,00;R$ 102,40;11
9788571392601;HISTORIA DA PEDAGOGIA ;FRANCO CAMBI;EDUCACAO / HISTORIA CULTURAL / HISTORIA GERAL;UNESP;R$ 110,00;R$ 88,00;5
9788539307951;HISTORIA DA SOLIDAO E DOS SOLI;MINOIS, GEORGES;HISTORIA CULTURAL / HISTORIA GERAL;UNESP;R$ 108,00;R$ 86,40;3
9788539305940;HISTORIA DEVE SER DIVIDIDA EM;LE GOFF, JACQUES;HISTORIA GERAL;UNESP;R$ 56,00;R$ 44,80;18
9788539305247;HISTORIA DO ATEISMO ;GEORGES MINOIS;FILOSOFIA / HISTORIA GERAL / RELIGIAO;UNESP;R$ 124,00;R$ 99,20;9
9788539308200;HISTORIA DO BRASIL NAS DUAS GU;MARY DEL PRIORE;HISTORIA DO BRASIL;UNESP;R$ 94,00;R$ 75,20;3
9788539301201;HISTORIA DO CORPO NO BRASIL ;MARY DEL PRIORE, MARCIA AMANTINO;ANTROPOLOGIA / HISTORIA DO BRASIL;UNESP;R$ 108,00;R$ 86,40;1
9786557111857;HISTORIA DO INFERNO ;GEORGES MINOIS;HISTORIA CULTURAL / RELIGIAO;UNESP;R$ 44,00;R$ 35,20;5
9788571394469;HISTORIA DO RISO E DO ESCARNIO ;GEORGES MINOIS;ANTROPOLOGIA / HISTORIA CULTURAL / HISTORIA GERAL;UNESP;R$ 116,00;R$ 92,80;2
9788539307647;HISTORIA DO SUICIDIO ;GEORGES MINOIS;HISTORIA CULTURAL / HISTORIA GERAL;UNESP;R$ 92,00;R$ 73,60;2
9788539304295;HISTORIA DOS HOMENS NO BRASIL ;MARY DEL PRIORE, MARCIA AMANTINO;ANTROPOLOGIA / HISTORIA CULTURAL / HISTORIA DO BRASIL;UNESP;R$ 102,00;R$ 81,60;2
9788539302246;HISTORIA E TEORIA SOCIAL - 2. ;PETER BURKE;HISTORIA CULTURAL / HISTORIA GERAL / SOCIOLOGIA;UNESP;R$ 76,00;R$ 60,80;5
9786557112342;HISTORIA ECONOMICA DA ESCOLA;VIDAL, DIANA GONCALVES;EDUCACAO;UNESP;R$ 68,00;R$ 54,40;15
9788539302468;HISTORIA, A ;FRANCOIS DOSSE;FILOSOFIA / HISTORIA GERAL;UNESP;R$ 74,00;R$ 59,20;2
9788539300976;HISTORIADORES, OS;SALES, VERONIQUE;HISTORIA GERAL;UNESP;R$ 92,00;R$ 73,60;5
9788539300488;HOBBES E A LIBERDADE REPUBLICA;SKINNER, QUENTIN;FILOSOFIA / POLITICA;UNESP;R$ 50,00;R$ 40,00;3
9788539302567;HORIZONTE DA POLITICA, O;LAVALLE, ADRIAN GURZA;POLITICA;UNESP;R$ 92,00;R$ 73,60;3
9788539301478;IDEIA DE CULTURA - 2. EDICAO, ;TERRY EAGLETON;ANTROPOLOGIA / SOCIOLOGIA;UNESP;R$ 60,00;R$ 48,00;7
9786557111000;IDEIA DE TEMPO, A ;HENRI BERGSON;FILOSOFIA;UNESP;R$ 98,00;R$ 78,40;4
9786557110027;IDEIA DE UMA CIENCIA SOCIAL E;WINCH, PETER;FILOSOFIA / SOCIOLOGIA;UNESP;R$ 60,00;R$ 48,00;12
9788539306909;IDEIAS E OS FATOS, AS ;FREDERICO MAZZUCCHELLI;ECONOMIA / HISTORIA GERAL;UNESP;R$ 70,00;R$ 56,00;12
9788539307548;IMPERIO DO SENTIDO, O;DOSSE, FRANCOIS;FILOSOFIA / HISTORIA GERAL / SOCIOLOGIA;UNESP;R$ 98,00;R$ 78,40;6
9788539307685;INCLUSAO DO OUTRO, A;HABERMAS, JURGEN;FILOSOFIA;UNESP;R$ 110,00;R$ 88,00;8
9786557111543;INCOMENSURABILIDADE NA CIENCIA ;THOMAS S. KUHN, BOJANA MLADENOVIC (ORG.);FILOSOFIA;UNESP;R$ 86,00;R$ 68,80;4
9786557111505;INDICIOS DA POS-MODERNIDADE ;ZYGMUNT BAUMAN;SOCIOLOGIA;UNESP;R$ 89,00;R$ 71,20;6
9788539307944;INDIVIDUOS;STRAWSON, PETER F.;FILOSOFIA;UNESP;R$ 78,00;R$ 62,40;4
9786557110041;INDUSTRIA CULTURAL;ADORNO, THEODOR W.;COMUNICACAO / FILOSOFIA / PSICOLOGIA E PSICANALISE / SOCIOLOGIA;UNESP;R$ 66,00;R$ 52,80;10
9788571398047;INSTITUICAO DA RELIGIAO CRISTA ;JOAO CALVINO;RELIGIAO;UNESP;R$ 118,00;R$ 94,40;10
9788571399006;INSTITUICAO DA RELIGIAO CRISTA ;JOAO CALVINO;RELIGIAO;UNESP;R$ 168,00;R$ 134,40;10
9788571391444;INTELECTUAIS E O PODER, OS;BOBBIO, NORBERTO;POLITICA / SOCIOLOGIA;UNESP;R$ 66,00;R$ 52,80;5
9786557111345;INTRODUCAO A DIALETICA ;THEODOR W. ADORNO;FILOSOFIA;UNESP;R$ 88,00;R$ 70,40;5
9788539302284;INTRODUCAO A ECONOMIA - 3. EDI ;WILSON CANO;ECONOMIA;UNESP;R$ 76,00;R$ 60,80;2
9788539306305;INTRODUCAO A LOGICA - 2. EDICA ;CEZAR A. MORTARI;FILOSOFIA;UNESP;R$ 92,00;R$ 73,60;5
9788571398634;INTRODUCAO A SOCIOLOGIA ;THEODOR W. ADORNO;FILOSOFIA / MUSICA / SOCIOLOGIA;UNESP;R$ 76,00;R$ 60,80;5
9788539307081;INTRODUCAO A SOCIOLOGIA DA MUS;ADORNO, THEODOR W.;MUSICA / SOCIOLOGIA;UNESP;R$ 78,00;R$ 62,40;3
9788571398429;INVENCAO DA ADOLESCENCIA NO DI;CESAR, MARIA RITA DE ASSIS;EDUCACAO / PSICOLOGIA E PSICANALISE;UNESP;R$ 50,00;R$ 40,00;5
9786557110249;INVISIBILIDADE DO TRADUTOR, A ;LAWRENCE VENUTI;LETRAS E LINGUISTICA;UNESP;R$ 165,00;R$ 132,00;5
9786557111482;ITS ALL TRUE ;CATHERINE L. BENAMOU;ARTES;UNESP;R$ 98,00;R$ 78,40;2
9786557110492;JORNADA DE TRABALHO E O .REINO;BESANCENOT, OLIVIER;POLITICA / SOCIOLOGIA;UNESP;R$ 40,00;R$ 32,00;9
9788539301775;JORNALISMO PUBLICO;ROTHBERG, DANILO;COMUNICACAO / LETRAS E LINGUISTICA;UNESP;R$ 52,00;R$ 41,60;5
9788539308231;JUBILO OU OS TORMENTOS DO DISC;LATOUR, BRUNO;FILOSOFIA / RELIGIAO;UNESP;R$ 44,00;R$ 35,20;20
9788539300686;KIERKEGAARD ;THEODOR W. ADORNO;FILOSOFIA;UNESP;R$ 82,00;R$ 65,60;2
9788571394162;LEIS DO CAOS, AS ;ILYA PRIGOGINE;CIENCIAS EXATAS / FISICA / QUIMICA;UNESP;R$ 40,00;R$ 32,00;5
9788571394124;LEITURA, A ;VINCENT JOUVE;LETRAS E LINGUISTICA / LIVROS SOBRE LIVROS;UNESP;R$ 46,00;R$ 36,80;5
9788539306558;LINHAGENS DO ESTADO ABSOLUTIST ;PERRY ANDERSON;HISTORIA GERAL;UNESP;R$ 148,00;R$ 118,40;2
9786557111185;LITERATURA INFANTIL BRASILEIRA ;MARISA LAJOLO, REGINA ZILBERMAN;LETRAS E LINGUISTICA;UNESP;R$ 58,00;R$ 46,40;2
9788539307227;LITERATURA: ONTEM, HOJE, AMANH ;MARISA LAJOLO;LETRAS E LINGUISTICA;UNESP;R$ 10,00;R$ 8,00;2
9786557110508;LIVREIROS DO NOVO MUNDO;BOMPARD, JEAN-JACQUES;BIOGRAFIA, DIARIO E CORRESPONDENCIA / HISTORIA CULTURAL / HISTORIA DO BRASIL;UNESP;R$ 90,00;R$ 72,00;3
9786557110591;LIVRO DOS MILAGRES, O;ORSI, CARLOS;CIENCIAS EXATAS / RELIGIAO;UNESP;R$ 48,00;R$ 38,40;10
9788539308347;MACUNAIMA ;MARIO DE ANDRADE;JOVEM LEITOR / LITERATURA;UNESP;R$ 45,00;R$ 36,00;2
9788539305711;MAO DO AUTOR E A MENTE DO EDIT ;ROGER CHARTIER;HISTORIA CULTURAL / LETRAS E LINGUISTICA / LIVROS SOBRE LIVROS;UNESP;R$ 69,00;R$ 55,20;5
9786557112380;MAPAS E FICCOES ;ROGER CHARTIER;LETRAS E LINGUISTICA;UNESP;R$ 69,00;R$ 55,20;9
9788539301089;MARXISMO E CRITICA LITERARIA;EAGLETON, TERRY;LETRAS E LINGUISTICA;UNESP;R$ 35,00;R$ 28,00;3
9786557111772;MATERIALISMO ;TERRY EAGLETON;DIREITO / FILOSOFIA;UNESP;R$ 54,00;R$ 43,20;5
9788539300303;MEDICINAS COMPLEMENTARES: O QU;TESSER, CHARLES DALCANALE;CIENCIAS BIOLOGICAS / JOVEM LEITOR / MEDICINA / SAUDE;UNESP;R$ 40,00;R$ 32,00;10
9786557112311;MEMORIAS ;RUBENS RICUPERO;BIOGRAFIA, DIARIO E CORRESPONDENCIA;UNESP;R$ 144,00;R$ 115,20;10
9788539304707;MERCADO DO LIVRO DIDATICO NO B;CASSIANO, CELIA CRISTINA DE FIGUEIREDO;EDUCACAO / LIVROS SOBRE LIVROS;UNESP;R$ 68,00;R$ 54,40;5
9788539303939;MERCADORES DE CULTURA;ALLEGRO, ALZIRA VIEIRA;COMUNICACAO / ECONOMIA / LETRAS E LINGUISTICA / LIVROS SOBRE LIVROS;UNESP;R$ 104,00;R$ 83,20;2
9788571397613;MESMO E O NAO-MESMO, O 49019900 041 6917;HOFFMAN, ROALD;QUIMICA;UNESP;R$ 82,00;R$ 65,60;4
9786557111888;METAFISICA DA NATUREZA ;ARTHUR SCHOPENHAUER;FILOSOFIA;UNESP;R$ 46,00;R$ 36,80;5
9788571394650;METAFISICA DO BELO;SCHOPENHAUER, ARTHUR;FILOSOFIA;UNESP;R$ 64,00;R$ 51,20;8
9786557111512;METAFISICA DOS COSTUMES;SCHOPENHAUER, ARTHUR;FILOSOFIA;UNESP;R$ 68,00;R$ 54,40;10
9786557111550;METAFORAS DO CORPO NO SECULO D;PIMENTA, PEDRO PAULO;FILOSOFIA;UNESP;R$ 64,00;R$ 51,20;4
9788571395275;METODO ANTICARTESIANO DE C. S.;SANTAELLA, LUCIA;FILOSOFIA;UNESP;R$ 64,00;R$ 51,20;4
9786557110133;MILITARES E MILITANCIA - 2. ED;RIBEIRO DA CUNHA, PAULO;HISTORIA DO BRASIL / POLITICA;UNESP;R$ 84,00;R$ 67,20;3
9788539300907;MITO E MAGIA;VOLOBUEF, KARIN;HISTORIA GERAL / LETRAS E LINGUISTICA;UNESP;R$ 78,00;R$ 62,40;3
9788539302239;MODERNIZACAO REFLEXIVA - 2. ED;GIDDENS, ANTHONY;POLITICA / SOCIOLOGIA;UNESP;R$ 70,00;R$ 56,00;10
9788539305650;MOEDA E CRISE ECONOMICA GLOBAL;SILVA, LUIZ AFONSO SIMOENS DA;ECONOMIA / RELACOES INTERNACIONAIS;UNESP;R$ 78,00;R$ 62,40;5
9788539301119;MORALIZAR, PROPAGAR E CONSCIEN;BUDAIBES, ALEXANDRE;COMUNICACAO / HISTORIA GERAL / LETRAS E LINGUISTICA;UNESP;R$ 42,00;R$ 33,60;3
9788571391963;MORTE E PROGRESSO;HARDMAN, FRANCISCO FOOT;HISTORIA DO BRASIL / LETRAS E LINGUISTICA / POLITICA;UNESP;R$ 48,00;R$ 38,40;3
9786557110539;MORTE NOS OLHOS, A;VERNANT, JEAN-PIERRE;HISTORIA GERAL;UNESP;R$ 48,00;R$ 38,40;7
9788539308088;MOVIMENTOS SOCIAIS E POLITICAS;TATAGIBA, LUCIANA;POLITICA / SOCIOLOGIA;UNESP;R$ 64,00;R$ 51,20;20
9788571393073;MUITAS FACES DA HISTORIA, AS;PALLARES-BURKE, MARIA LUCIA GARCIA;HISTORIA CULTURAL / HISTORIA GERAL;UNESP;R$ 78,00;R$ 62,40;10
9788539305629;MUNDO COMO VONTADE E COMO REPR TOMO 1;ARTHUR SCHOPENHAUER;FILOSOFIA;UNESP;R$ 134,00;R$ 107,20;1
9788539305988;MUNDO COMO VONTADE E COMO REPR TOMO 2;ARTHUR SCHOPENHAUER;FILOSOFIA;UNESP;R$ 160,00;R$ 128,00;1
9788539308033;MUNDO DE PARMENIDES - 2. EDICA;POPPER, KARL;FILOSOFIA;UNESP;R$ 92,00;R$ 73,60;4
9788539305704;NA ESTEIRA DA TECNOCRACIA ;JÜRGEN HABERMAS;POLITICA / SOCIOLOGIA;UNESP;R$ 72,00;R$ 57,60;5
9788539307777;NATUREZA DA ARTE, A ;EDMOND COUCHOT;ARTES / FILOSOFIA;UNESP;R$ 96,00;R$ 76,80;5
9788571391260;NATUREZA DA INTELIGENCIA, A ;JEAN KHALFA (ORG.);FILOSOFIA;UNESP;R$ 62,00;R$ 49,60;2
9786557111130;NAUFRAGO DA EXISTENCIA, O;BARBOZA, JAIR;FILOSOFIA / LETRAS E LINGUISTICA;UNESP;R$ 64,00;R$ 51,20;4
9786557112205;NEM PATRIA, NEM PATRAO! - 4 ED ;FRANCISCO FOOT HARDMAN;POLITICA;UNESP;R$ 92,00;R$ 73,60;1
9786557110799;NIETZSCHE - O MUNDO DA TERRA ;PIERRE MONTEBELLO;FILOSOFIA;UNESP;R$ 42,00;R$ 33,60;5
9788539305780;NOMES DA HISTORIA, OS;RANCIERE, JACQUES;FILOSOFIA / HISTORIA GERAL;UNESP;R$ 48,00;R$ 38,40;5
9788539303700;NOSSA HUMANIDADE;WOLFF, FRANCIS;ANTROPOLOGIA / FILOSOFIA;UNESP;R$ 79,00;R$ 63,20;5
9788571396982;NOVA DES-ORDEM MUNDIAL, A ;ROGERIO HAESBAERT , CARLOS WALTER PORTO-GONCALVES;GEOGRAFIA / JOVEM LEITOR / POLITICA;UNESP;R$ 39,00;R$ 31,20;5
9788539308248;NUTRICAO DE PLANTAS - 2. EDICA;PRADO, RENATO DE MELLO;AGRONOMIA / CIENCIAS BIOLOGICAS;UNESP;R$ 92,00;R$ 73,60;3
9788571397279;OLHO DO PODER, O;SALIBA, MAURICIO GONCALVES;DIREITO / EDUCACAO / SOCIOLOGIA;UNESP;R$ 46,00;R$ 36,80;2
9788539300006;ORIGENS DE ROMA, AS;GRANDAZZI, ALEXANDRE;HISTORIA GERAL;UNESP;R$ 42,00;R$ 33,60;3
9786557110621;ORIGENS DO MAL, AS ;GEORGES MINOIS;HISTORIA GERAL / RELIGIAO;UNESP;R$ 98,00;R$ 78,40;5
9788539302185;OUVIDO PENSANTE - 2. EDICAO, O;R. MURRAY SCHAFER;MUSICA;UNESP;R$ 78,00;R$ 62,40;3
9788571396395;PAIXAO DO NEGATIVO, A ;VLADIMIR SAFATLE;FILOSOFIA / PSICOLOGIA E PSICANALISE;UNESP;R$ 74,00;R$ 59,20;5
9786557111680;PALAVRA ENGAJADA - 2. EDICAO;MORAES, REGINALDO C.;POLITICA;UNESP;R$ 68,00;R$ 54,40;5
9788539306060;PAO E CIRCO ;PAUL VEYNE;HISTORIA CULTURAL / POLITICA / SOCIOLOGIA;UNESP;R$ 158,00;R$ 126,40;2
9788539304066;PARA A METACRITICA DA TEORIA D;ADORNO, THEODOR W.;FILOSOFIA;UNESP;R$ 79,00;R$ 63,20;3
9788539306244;PARA A RECONSTRUCAO DO MATERIA ;JÜRGEN HABERMAS;FILOSOFIA / POLITICA / SOCIOLOGIA;UNESP;R$ 106,00;R$ 84,80;2
9786557111901;PARA UMA SOCIOLOGIA CRITICA ;ZYGMUNT BAUMAN;SOCIOLOGIA;UNESP;R$ 62,00;R$ 49,60;4
9788539306213;PASSAGENS DA ANTIGUIDADE AO FE ;PERRY ANDERSON;HISTORIA GERAL / POLITICA;UNESP;R$ 92,00;R$ 73,60;2
9786557110270;PENSAMENTOS VEGETARIANOS ;VOLTAIRE;FILOSOFIA;UNESP;R$ 54,00;R$ 43,20;2
9788571399808;PEQUENAS PALESTRAS SOBRE GRAND;KOLAKOWSKI, LESZEK;FILOSOFIA;UNESP;R$ 69,00;R$ 55,20;5
9788571395572;PERSISTENCIA DOS DEUSES, A N;EDUARDO RODRIGUES DA CRUZ;ANTROPOLOGIA / JOVEM LEITOR / RELIGIAO / SOCIOLOGIA;UNESP;R$ 36,00;R$ 28,80;2
9788539305018;PESO DO ESTADO NA PATRIA DO ME;MORAES, REGINALDO C.;ECONOMIA / HISTORIA GERAL / POLITICA;UNESP;R$ 38,00;R$ 30,40;3
9788571396074;PIAGET: IMAGEM MENTAL E CONSTR;MONTOYA, ADRIAN OSCAR DONGO;EDUCACAO / PSICOLOGIA E PSICANALISE;UNESP;R$ 59,00;R$ 47,20;2
9786557110058;POLIMATA, O;PETER BURKE;HISTORIA CULTURAL / HISTORIA GERAL;UNESP;R$ 94,00;R$ 75,20;3
9788539306114;POLITICA E CULTURA ;NORBERTO BOBBIO;HISTORIA GERAL / POLITICA;UNESP;R$ 92,00;R$ 73,60;9
9788539302161;POLITICA, SOCIOLOGIA E TEORIA;GIDDENS, ANTHONY;POLITICA / SOCIOLOGIA;UNESP;R$ 79,00;R$ 63,20;5
9788539306176;POLITICAS CULTURAIS E POVOS IN ;MANUELA CARNEIRO DA CUNHA, PEDRO DE NIEMEYER CESARINO;ANTROPOLOGIA;UNESP;R$ 82,00;R$ 65,60;4
9788539308187;POLITICAS DA POLITICA, AS;MARTA ARRETCHE;POLITICA;UNESP;R$ 90,00;R$ 72,00;10
9786557112076;POR QUE NAO O SOCIALISMO?;COHEN, GERALD ALLAN;FILOSOFIA / POLITICA;UNESP;R$ 49,00;R$ 39,20;9
9786557110164;PRAZER E MUDANCA;KERMODE, FRANK;LETRAS E LINGUISTICA;UNESP;R$ 49,00;R$ 39,20;7
9788539305810;PRESENCA DOS MITOS EM NOSSAS ;MARY MIDGLEY;FILOSOFIA / PSICOLOGIA E PSICANALISE;UNESP;R$ 79,00;R$ 63,20;10
9788539301188;PRODUCAO DE CONHECIMENTO NO SE;LARA, RICARDO;SOCIOLOGIA;UNESP;R$ 78,00;R$ 62,40;2
9788539305124;PRODUCAO SOCIAL DA ESCRITA, A;WILLIAMS, RAYMOND;COMUNICACAO / LETRAS E LINGUISTICA;UNESP;R$ 78,00;R$ 62,40;3
9786557111499;PSICOLOGIA;BUTLER, GILLIAN;PSICOLOGIA E PSICANALISE;UNESP;R$ 48,00;R$ 38,40;15
9788571397897;QUALIFICACAO PROFISSIONAL;ALANIZ, ERIKA PORCELI;ADMINISTRACAO / ECONOMIA;UNESP;R$ 66,00;R$ 52,80;5
9786557111116;QUE E E PARA QUE SERVE A MATEM;DA SILVA, JAIRO JOSE;CIENCIAS EXATAS / EDUCACAO / FILOSOFIA;UNESP;R$ 98,00;R$ 78,40;3
9788571391611;QUE E VIDA?: O ASPECTO FISICO;SCHRODINGER, ERWIN;CIENCIAS BIOLOGICAS / FILOSOFIA / FISICA;UNESP;R$ 62,00;R$ 49,60;12
9788571394186;QUEM SOMOS?;CAVALLI-SFORZA, LUCA;ANTROPOLOGIA / CIENCIAS BIOLOGICAS;UNESP;R$ 82,00;R$ 65,60;5
9788539302345;QUESTAO DA PALESTINA, A ;EDWARD W. SAID;POLITICA / RELACOES INTERNACIONAIS;UNESP;R$ 74,00;R$ 59,20;10
9786557110928;QUESTOES SOBRE A LIBERDADE, A;HOBBES, THOMAS;FILOSOFIA;UNESP;R$ 94,00;R$ 75,20;7
9788539307968;RAIZES CLASSICAS DA HISTORIOGR ;ARNALDO MOMIGLIANO;HISTORIA GERAL;UNESP;R$ 57,00;R$ 45,60;7
9788571396364;REALIDADE E COGNICAO;MONTEIRO, JOAO PAULO;FILOSOFIA;UNESP;R$ 46,00;R$ 36,80;3
9788539305582;RECURSOS DA ESPERANCA;WILLIAMS, RAYMOND;COMUNICACAO / POLITICA / SOCIOLOGIA;UNESP;R$ 102,00;R$ 81,60;3
9788539307715;REIFICACAO;HONNETH, AXEL;FILOSOFIA / SOCIOLOGIA;UNESP;R$ 57,00;R$ 45,60;6
9788571393936;REINVENCAO DO ESPACO, A ;DOUGLAS SANTOS;FISICA / GEOGRAFIA;UNESP;R$ 74,00;R$ 59,20;5
9788539307203;REVOLTA DA VACINA, A ;NICOLAU SEVCENKO;HISTORIA DO BRASIL;UNESP;R$ 38,00;R$ 30,40;10
9788539308262;REVOLUCAO ALEMA - 2. EDICAO, A;LOUREIRO, ISABEL;HISTORIA GERAL;UNESP;R$ 38,00;R$ 30,40;11
9788539300525;REVOLUCAO ARGELINA, A ;MUSTAFA YASBEK;HISTORIA GERAL;UNESP;R$ 38,00;R$ 30,40;10
9788571397637;REVOLUCAO BOLIVIANA, A ;EVERALDO DE OLIVEIRA ANDRADE;HISTORIA GERAL;UNESP;R$ 38,00;R$ 30,40;10
9788571399952;REVOLUCAO CHILENA, A ;PETER WINN;HISTORIA GERAL;UNESP;R$ 38,00;R$ 30,40;10
9788571394810;REVOLUCAO CHINESA, A;POMAR, WLADIMIR;HISTORIA GERAL;UNESP;R$ 38,00;R$ 30,40;10
9788539300013;REVOLUCAO COLOMBIANA, A ;FORREST HYLTON;HISTORIA GERAL;UNESP;R$ 38,00;R$ 30,40;10
9788539305858;REVOLUCAO COREANA, A ;PAULO FAGUNDES VISENTINI , ANALUCIA DANILEVICZ PEREIRA , HELENA HOPPEN MELCHIONNA;HISTORIA GERAL;UNESP;R$ 38,00;R$ 30,40;10
9788571395497;REVOLUCAO CUBANA, A;AYERBE, LUIS FERNANDO;HISTORIA GERAL;UNESP;R$ 38,00;R$ 30,40;10
9788539307913;REVOLUCAO FRANCESA 1789-1799 -;VOVELLE, MICHEL;HISTORIA GERAL;UNESP;R$ 78,00;R$ 62,40;4
9788571397767;REVOLUCAO FRANCESA EXPLICADA A ;MICHEL VOVELLE;HISTORIA GERAL;UNESP;R$ 38,00;R$ 30,40;10
9788571395756;REVOLUCAO GUATEMALTECA, A ;GREG GRANDIN;HISTORIA GERAL;UNESP;R$ 38,00;R$ 30,40;10
9788571398269;REVOLUCAO IRANIANA, A ;OSVALDO COGGIOLA;HISTORIA GERAL;UNESP;R$ 38,00;R$ 30,40;10
9788539300426;REVOLUCAO MEXICANA, A ;CARLOS ALBERTO SAMPAIO BARBOSA;HISTORIA GERAL;UNESP;R$ 38,00;R$ 30,40;10
9788571396531;REVOLUCAO NICARAGUENSE, A ;MATILDE ZIMMERMANN;HISTORIA GERAL;UNESP;R$ 38,00;R$ 30,40;10
9788571399518;REVOLUCAO PERUANA, A ;JOSE LUIS RENIQUE;HISTORIA GERAL;UNESP;R$ 38,00;R$ 30,40;10
9788539301850;REVOLUCAO PORTUGUESA, A ;CLAUDIO DE FARIAS AUGUSTO;HISTORIA GERAL;UNESP;R$ 38,00;R$ 30,40;10
9788571396616;REVOLUCAO SALVADORENHA, A ;TOMMIE SUE-MONTGOMERY, CHRISTINE WADE;HISTORIA GERAL;UNESP;R$ 38,00;R$ 30,40;10
9788539302642;REVOLUCAO SUL-AFRICANA, A ;ANALUCIA DANILEVICZ PEREIRA;HISTORIA GERAL;UNESP;R$ 38,00;R$ 30,40;10
9788571399044;REVOLUCAO VENEZUELANA, A ;GILBERTO MARINGONI;HISTORIA GERAL;UNESP;R$ 38,00;R$ 30,40;10
9788571398092;REVOLUCAO VIETNAMITA, A ;PAULO FAGUNDES VISENTINI;HISTORIA GERAL;UNESP;R$ 38,00;R$ 30,40;10
9788539302253;REVOLUCOES AFRICANAS, AS ;PAULO FAGUNDES VISENTINI;HISTORIA GERAL;UNESP;R$ 38,00;R$ 30,40;10
9788571393967;SABEDORIA DOS ANTIGOS, A;BACON, FRANCIS;FILOSOFIA;UNESP;R$ 38,00;R$ 30,40;5
9788539303656;SACRALIDADE DA PESSOA, A ;HANS JOAS;FILOSOFIA / HISTORIA GERAL / POLITICA;UNESP;R$ 69,00;R$ 55,20;9
9786557112090;SEGREDOS DAS PALAVRAS, OS;CHOMSKY, NOAM;LETRAS E LINGUISTICA;UNESP;R$ 49,00;R$ 39,20;10
9788539308101;SER HUMANO DIANTE DO CANCER E;YAMAGUCHI, NISE H.;MEDICINA / SAUDE;UNESP;R$ 48,00;R$ 38,40;10
9788571390294;SHOPPING CENTERS;PINTAUDI, SILVANA M.;ANTROPOLOGIA / ARQUITETURA E URBANISMO / GEOGRAFIA;UNESP;R$ 48,00;R$ 38,40;3
9788539305360;SIMBOLISMO E INTERPRETACAO;TODOROV, TZVETAN;LETRAS E LINGUISTICA;UNESP;R$ 50,00;R$ 40,00;7
9786557110812;SIMBOLOS NATURAIS;DOUGLAS, MARY;ANTROPOLOGIA / RELIGIAO;UNESP;R$ 89,00;R$ 71,20;10
9788539304684;SOBERANIA DO BEM, ;MURDOCH, IRIS;FILOSOFIA;UNESP;R$ 35,00;R$ 28,00;10
9788539301256;SOBRE A CRIATIVIDADE;BOHM, DAVID;FILOSOFIA / PSICOLOGIA E PSICANALISE;UNESP;R$ 55,00;R$ 44,00;2
9788539305551;SOBRE A EDUCACAO;RUSSELL, BERTRAND;EDUCACAO / FILOSOFIA;UNESP;R$ 56,00;R$ 44,80;20
9786557110416;SOBRE A LIBERDADE DA VONTADE ;ARTHUR SCHOPENHAUER;FILOSOFIA;UNESP;R$ 44,00;R$ 35,20;4
9786557112083;SOBRE A MEDICINA ANTIGA;HUGUENIN, RAFAEL;MEDICINA;UNESP;R$ 39,00;R$ 31,20;15
9786557111222;SOBRE AS ESCOLAS DE MEDICINA P;BRITO, RODRIGO PINTO DE;FILOSOFIA / MEDICINA;UNESP;R$ 38,00;R$ 30,40;20
9786557110676;SOBRE O CULTO MODERNO DOS DEUS;LATOUR, BRUNO;FILOSOFIA / RELIGIAO;UNESP;R$ 48,00;R$ 38,40;10
9786557111420;SOBRE O MAL ;TERRY EAGLETON;FILOSOFIA;UNESP;R$ 48,00;R$ 38,40;6
9788539305537;SOCIOLOGIA DAS CRISES POLITICA;DOBRY, MICHEL;POLITICA / SOCIOLOGIA;UNESP;R$ 92,00;R$ 73,60;10
9788539302659;SOCIOLOGIA DAS RELIGIOES;WILLAIME, JEAN-PAUL;RELIGIAO / SOCIOLOGIA;UNESP;R$ 50,00;R$ 40,00;10
9786557110768;SOCIOLOGIA DO DESCONHECIMENTO ;JOSE DE SOUZA MARTINS;SOCIOLOGIA;UNESP;R$ 68,00;R$ 54,40;5
9788571392427;SOCRATES;GOTTLIEB, ANTHONY;BIOGRAFIA, DIARIO E CORRESPONDENCIA / FILOSOFIA;UNESP;R$ 29,00;R$ 23,20;2
9786557110737;SOMBRAS DA MENTE;PENROSE, ROGER;CIENCIAS BIOLOGICAS / CIENCIAS EXATAS / FISICA;UNESP;R$ 94,00;R$ 75,20;4
9788539303717;SUICIDIO E SUA PREVENCAO, O;BERTOLOTE, JOSE MANOEL;JOVEM LEITOR / PSICOLOGIA E PSICANALISE / SAUDE;UNESP;R$ 38,00;R$ 30,40;15
9788539305803;"TECNICA E CIENCIA COMO ""IDEOLO";HABERMAS, JURGEN;FILOSOFIA / SOCIOLOGIA;UNESP;R$ 57,00;R$ 45,60;5
9788539307449;TECNICAS DE ESTADO ;GÜNTER FRANKENBERG;POLITICA;UNESP;R$ 92,00;R$ 73,60;1
9786557112168;TEMPOS DIFICEIS ;SEBASTIAO CARLOS VELASCO E CRUZ (ORG.), NEUSA MARIA PEREIRA BOJIKIAN (ORG.);RELACOES INTERNACIONAIS;UNESP;R$ 84,00;R$ 67,20;5
9788539300792;TENSAO ESSENCIAL, A ;THOMAS S. KUHN;FILOSOFIA;UNESP;R$ 90,00;R$ 72,00;5
9786557111604;TEORIA DA ACAO COMUNICATIVA -;HABERMAS, JURGEN;COMUNICACAO / FILOSOFIA / SOCIOLOGIA;UNESP;R$ 184,00;R$ 147,20;7
9788539304882;TEORIA E PRAXIS ;JÜRGEN HABERMAS;FILOSOFIA / POLITICA / SOCIOLOGIA;UNESP;R$ 120,00;R$ 96,00;4
9788539301577;TEORIAS DA ETNICIDADE - 2. EDI;POUTIGNAT, PHILIPPE;ANTROPOLOGIA / SOCIOLOGIA;UNESP;R$ 72,00;R$ 57,60;7
9788539305568;TEORIAS DO SIMBOLO;TODOROV, TZVETAN;LETRAS E LINGUISTICA;UNESP;R$ 98,00;R$ 78,40;5
9788539308019;TINTA E O SANGUE, A ;DOMINIQUE KALIFA;COMUNICACAO / HISTORIA GERAL;UNESP;R$ 104,00;R$ 83,20;5
9786557111833;TRABALHO DO ANTROPOLOGO - 4. E;OLIVEIRA, ROBERTO CARDOSO DE;ANTROPOLOGIA;UNESP;R$ 76,00;R$ 60,80;7
9788571394933;TRABALHO, MERCADO E SOCIEDADE;PRONI, MARCELO WEISHAUPT;ECONOMIA / POLITICA / SOCIOLOGIA;UNESP;R$ 52,00;R$ 41,60;5
9786557112137;TRANSICAO E PERMANENCIA;GONCALVES, AGUINALDO JOSE;LETRAS E LINGUISTICA;UNESP;R$ 68,00;R$ 54,40;3
9788539303502;TRIUNFO DO FRACASSO, O;PALLARES-BURKE, MARIA LUCIA GARCIA;BIOGRAFIA, DIARIO E CORRESPONDENCIA / HISTORIA CULTURAL / SOCIOLOGIA;UNESP;R$ 82,00;R$ 65,60;3
9786557111475;UM INTELECTUAL NA URGENCIA;AMOROSO, MARIA BETANIA;ARTES / LETRAS E LINGUISTICA;UNESP;R$ 86,00;R$ 68,80;3
9786557110522;UMA LATENTE FILOSOFIA DO TEMPO ;REINHART KOSELLECK, HANS ULRICH GUMBRECHT (ORG.), THAMARA DE OLIVEIRA RODRIGUES (ORG.);FILOSOFIA / HISTORIA GERAL;UNESP;R$ 48,00;R$ 38,40;5
9786557111956;UMA NOVA MUDANCA ESTRUTURAL DA ;JÜRGEN HABERMAS;COMUNICACAO / FILOSOFIA / POLITICA;UNESP;R$ 39,00;R$ 31,20;4
9788539305445;UNIVERSIDADE NA ENCRUZILHADA, ;CRISTOVAM BUARQUE;EDUCACAO;UNESP;R$ 69,00;R$ 55,20;5
9788571395305;USOS SOCIAIS DA CIENCIA ;PIERRE BOURDIEU;SOCIOLOGIA;UNESP;R$ 35,00;R$ 28,00;5
9788571395602;VERBAL E O NAO VERBAL, O;AGUIAR, VERA TEIXEIRA DE;COMUNICACAO / JOVEM LEITOR / LETRAS E LINGUISTICA;UNESP;R$ 35,00;R$ 28,00;5
9788539305063;VIDA EM COMUM, A ;TZVETAN TODOROV;ANTROPOLOGIA / FILOSOFIA / LETRAS E LINGUISTICA;UNESP;R$ 64,00;R$ 51,20;4
9786557112496;VINGANCA DO BOM SELVAGEM E OUT;LEBRUN, GERARD;FILOSOFIA;UNESP;R$ 69,00;R$ 55,20;6
9788571396135;VIOLENCIA REVOLUCIONARIA EM HA ;MARIA RIBEIRO DO VALLE;FILOSOFIA / POLITICA;UNESP;R$ 62,00;R$ 49,60;5
9788539308057;VOZES DA TIRANIA: TEMPLOS DE S;R. MURRAY SCHAFER;MUSICA;UNESP;R$ 54,00;R$ 43,20;3
9786586224436;HERCULES EM FURIA;SENECA - TRADUCAO DE LUIZ;RETORICA;MADAMU;R$ 84,80;R$ 67,84;3
9786586224597;DEFESA DE MILAO | PRO MILONE;CICERO - MARLENE L. V. BORGES;RETORICA;MADAMU;R$ 88,00;R$ 70,40;3
9786586224481;DISCURSO POR MARCELO;MARCO TULIO CICERO;RETORICA;MADAMU;R$ 89,60;R$ 71,68;3
9786586224337;DE RATIONIBUS EXORDIENDI - A FUNCION DOS EXORDIOS NA RETORICA E HISTORIOGRAFIA CLASSICAS;RENATO AMBROSO;RETORICA;MADAMU;R$ 94,88;R$ 75,90;5
9786586224498;ARTE DA RETORICA;ARISTOTELES - RODRIGO BRAVO;RETORICA;MADAMU;R$ 192,00;R$ 153,60;3
9786586224665;POLITICA E RETORICA NO HUMANISMO FLORENTINO (SECULOS XIV E XV);RENATO AMBROSO;RETORICA;MADAMU;R$ 112,00;R$ 89,60;5
9786586224672;TIESTES;JOSE SEABRA;RETORICA;MADAMU;R$ 84,80;R$ 67,84;3
9786559545209;CAMINHOS DO MAR, OS;;;UNESP;R$ 104,00;R$ 83,20;2
9786557112540;COLUNA PRESTES, A;;;UNESP;R$ 80,00;R$ 64,00;3
9788539300167;COMECO CONJECTURAL DA HISTORIA;;;UNESP;R$ 40,00;R$ 32,00;2
9786557112441;COMO SE FAZ UM MILITAR?;;;UNESP;R$ 72,00;R$ 57,60;3
9786557112632;CRESCIMENTO E INFLACAO;;;UNESP;R$ 60,00;R$ 48,00;3
9786557112618;CULTURA HOMEOPATICA;;;UNESP;R$ 89,00;R$ 71,20;2
9786557112069;DA INTERPRETACAO DA NATUREZA;;;UNESP;R$ 58,00;R$ 46,40;3
9786557112519;DA MISTICA A CIENCIA;;;UNESP;R$ 89,00;R$ 71,20;2
9786557112670;DESPOSSESSAO;;;UNESP;R$ 66,00;R$ 52,80;3
9786557112588;DEVER E PODER;;;UNESP;R$ 79,00;R$ 63,20;3
9786557111529;ESCRITOS SOBRE A CIENCIA DA NA;;;UNESP;R$ 138,00;R$ 110,40;2
9786557112397;FAMILIA E FRONTEIRA NO BRASIL;;;UNESP;R$ 74,00;R$ 59,20;3
9786557112472;GEOGRAFIA FISICA;;;UNESP;R$ 87,00;R$ 69,60;3
9786557112434;HISTORIA DAS SENSIBILIDADES;;;UNESP;R$ 48,00;R$ 38,40;3
9786557112694;HOMENS DA MOEDA, OS;;;UNESP;R$ 110,00;R$ 88,00;3
9786557111109;IMORTAL DO SUL DA CHINA, O;;;UNESP;R$ 96,00;R$ 76,80;2
9788539301799;IMPERADOR CIDADAO;;;UNESP;R$ 114,00;R$ 91,20;2
9788539308002;INCONSCIENTE EXPLICADO AO MEU;;;UNESP;R$ 32,00;R$ 25,60;3
9788571395268;INVESTIGACOES SOBRE O ENTENDIM;;;UNESP;R$ 86,00;R$ 68,80;3
9786557112649;LICOES DE ECONOMIA;;;UNESP;R$ 75,00;R$ 60,00;3
9788539307265;LICOES DE ETICA;;;UNESP;R$ 94,00;R$ 75,20;3
9786557111147;LINGUAGEM SENTIMENTAL DAS FLOR;;;UNESP;R$ 68,00;R$ 54,40;2
9786557112526;LINGUISTICA CARTESIANA;;;UNESP;R$ 62,00;R$ 49,60;3
9786557112274;LUTA PELA SUPREMACIA NA EUROPA;;;UNESP;R$ 160,00;R$ 128,00;3
9786557112212;MULHERES NAS LUZES;;;UNESP;R$ 96,00;R$ 76,80;3
9788539307838;RELATOS ASTECAS DA CONQUISTA;;;UNESP;R$ 108,00;R$ 86,40;2
9786557112687;REPRODUCAO ASSISTIDA EM ANIMAI;;;UNESP;R$ 78,00;R$ 62,40;2
9786557112366;RETORNO A REFLEXIVIDADE;;;UNESP;R$ 36,00;R$ 28,80;2
9786557112595;REVOLUCIONARIOS DA CRITICA;;;UNESP;R$ 74,00;R$ 59,20;3
9786557112458;SENTIDO NA HISTORIA, O;;;UNESP;R$ 96,00;R$ 76,80;3
9786557112601;SILICATOS DE ROCHAS MAGMATICAS;;;UNESP;R$ 138,00;R$ 110,40;2
9788539307197;TRAMA DA NATUREZA, A;;;UNESP;R$ 92,00;R$ 73,60;3
9788571399013;TRATADO DA NATUREZA HUMANA - 2;;;UNESP;R$ 138,00;R$ 110,40;2
9786557112717;UM NATURALISTA NO ANTROPOCENO;;;UNESP;R$ 59,00;R$ 47,20;5
9786557112502;VORAGEM DA EXPRESSAO, A;;;UNESP;R$ 58,00;R$ 46,40;3
9786556373482;A RETORICA NO DISCURSO RELIGIOSO;;;PONTES;R$ 43,00;R$ 34,40;4
9786556372520;ANALISE DO DISCURSO NUMA PERSPECTIVA ENUNCIATIVA;;;PONTES;R$ 68,00;R$ 54,40;6
9788521702061;MARCO TULIO CICERO TOPICOS OS LUGARES DO ARGUMENTO;;;PONTES;R$ 25,00;R$ 20,00;6
9786556377926;PERCURSOS RETORICOS ENTRE ANTIGOS E CONTEMPORANEOS;;;PONTES;R$ 88,00;R$ 70,40;15
9786556379388;RETORICA ARGUMENTACAO E EMOCOES;;;PONTES;R$ 66,00;R$ 52,80;12
9786557138902;RETORICA E ARGUMENTACAO;;;PONTES;R$ 47,00;R$ 37,60;4
9786556370170;RETORICA NO RADIO ALAGOANO,A;;;PONTES;R$ 32,00;R$ 25,60;4
9786551740430;RETORICA TEORIA E METODO DE ABORDAGEM TEXTUAL;;;PONTES;R$ 54,00;R$ 43,20;10
