ISBN;DATA;N-NF;AUTOR;TITULO;Editora;EXEMPLARES; PREÇO VENDA ;TOTAL;
;;;;;;;;;
9788570784780;05/06/2024;1;ALICE KRIEG-PLANQUE;ANALISAR DISCURSOS INSTITUCIONAIS;EDUFU;1; R$ 50,00 ;R$ 50,00;
9786558240228;09/07/2024;2;ANSELMO TADEU FERREIRA;"A NOCAO DE ALMA NA ""SUMA DE TEOLOGIA"" DE TOMAS DE AQUINO";EDUFU;2; R$ 30,00 ;R$ 60,00;
9786558240433;06/06/2024;2;RAQUEL DISCINI DE CAMPOS;A EDUCACAO ENTRE A ETICA E A ESTETICA: OS ALBUNS ILUSTRADOS PAULISTAS (1915-1929);EDUFU;1; R$ 50,00 ;R$ 50,00;
9786558240228;09/07/2024;3;ANSELMO TADEU FERREIRA;"A NOCAO DE ALMA NA ""SUMA DE TEOLOGIA"" DE TOMAS DE AQUINO";EDUFU;1; R$ 30,00 ;R$ 30,00;
9786588055038;01/07/2024;4;WAGNER DE MELLO ELIAS;A IGREJA COMO PODER ECLESIASTICO E CIVIL EM THOMAS HOBBES;EDUFU;1; R$ 56,67 ;R$ 56,67;
9786558240433;04/07/2024;5;RAQUEL DISCINI DE CAMPOS;A EDUCACAO ENTRE A ETICA E A ESTETICA: OS ALBUNS ILUSTRADOS PAULISTAS (1915-1929);EDUFU;1; R$ 50,00 ;R$ 50,00;
9786558240327;04/07/2024;6;RENATA NEIVA;PEDAGOGIAS DA BELEZA;EDUFU;1; R$ 30,00 ;R$ 30,00;
9786558240082;04/07/2024;7;BETANIA DE OLIVEIRA LATERZA RIBEIRO;NA LUTA PELA VIDA, UTEIS A SI E A PATRIA;EDUFU;1; R$ 33,33 ;R$ 33,33;
9780000000000;04/07/2024;8;PROMOCIONAL;PROMOCIONAL;EDUFU;1; R$ 5,00 ;R$ 5,00;
9786588055045;04/07/2024;9;CHARLES SANDERS PEIRCE E CASSIANO TERRA RODRIGUES;ESCRITOS DA SERIE COGNITIVA;EDUFU;1; R$ 50,00 ;R$ 50,00;
9786558240228;04/07/2024;10;ANSELMO TADEU FERREIRA;"A NOCAO DE ALMA NA ""SUMA DE TEOLOGIA"" DE TOMAS DE AQUINO";EDUFU;3; R$ 30,00 ;R$ 90,00;
9786558240228;04/07/2024;13;ANSELMO TADEU FERREIRA;"A NOCAO DE ALMA NA ""SUMA DE TEOLOGIA"" DE TOMAS DE AQUINO";EDUFU;1; R$ 30,00 ;R$ 30,00;
9786558240051;04/07/2024;13;WILHELM VON HUMBOLDT;SOBRE LINGUA E LINGUAGEM;EDUFU;1; R$ 63,67 ;R$ 63,67;
9786558240228;04/07/2024;14;ANSELMO TADEU FERREIRA;"A NOCAO DE ALMA NA ""SUMA DE TEOLOGIA"" DE TOMAS DE AQUINO";EDUFU;3; R$ 30,00 ;R$ 90,00;
9786558240228;04/07/2024;15;ANSELMO TADEU FERREIRA;"A NOCAO DE ALMA NA ""SUMA DE TEOLOGIA"" DE TOMAS DE AQUINO";EDUFU;1; R$ 30,00 ;R$ 30,00;
9786558240228;04/07/2024;16;ANSELMO TADEU FERREIRA;"A NOCAO DE ALMA NA ""SUMA DE TEOLOGIA"" DE TOMAS DE AQUINO";EDUFU;3; R$ 30,00 ;R$ 90,00;
9786558240228;08/07/2024;17;ANSELMO TADEU FERREIRA;"A NOCAO DE ALMA NA ""SUMA DE TEOLOGIA"" DE TOMAS DE AQUINO";EDUFU;4; R$ 30,00 ;R$ 120,00;
9786558240228;09/07/2024;18;ANSELMO TADEU FERREIRA;"A NOCAO DE ALMA NA ""SUMA DE TEOLOGIA"" DE TOMAS DE AQUINO";EDUFU;2; R$ 30,00 ;R$ 60,00;
9786558240228;09/07/2024;19;ANSELMO TADEU FERREIRA;"A NOCAO DE ALMA NA ""SUMA DE TEOLOGIA"" DE TOMAS DE AQUINO";EDUFU;1; R$ 30,00 ;R$ 30,00;
9786558240228;09/07/2024;20;ANSELMO TADEU FERREIRA;"A NOCAO DE ALMA NA ""SUMA DE TEOLOGIA"" DE TOMAS DE AQUINO";EDUFU;1; R$ 30,00 ;R$ 30,00;
9786558240228;09/07/2024;21;ANSELMO TADEU FERREIRA;"A NOCAO DE ALMA NA ""SUMA DE TEOLOGIA"" DE TOMAS DE AQUINO";EDUFU;1; R$ 30,00 ;R$ 30,00;
9786558240433;09/07/2024;22;RAQUEL DISCINI DE CAMPOS;A EDUCACAO ENTRE A ETICA E A ESTETICA: OS ALBUNS ILUSTRADOS PAULISTAS (1915-1929);EDUFU;1; R$ 50,00 ;R$ 50,00;
9780000000000;09/07/2024;23;PROMOCIONAL;PROMOCIONAL;EDUFU;1; R$ 5,00 ;R$ 5,00;
9786558240228;09/07/2024;24;ANSELMO TADEU FERREIRA;"A NOCAO DE ALMA NA ""SUMA DE TEOLOGIA"" DE TOMAS DE AQUINO";EDUFU;2; R$ 30,00 ;R$ 60,00;
9786558240228;17/07/2024;25;ANSELMO TADEU FERREIRA;"A NOCAO DE ALMA NA ""SUMA DE TEOLOGIA"" DE TOMAS DE AQUINO";EDUFU;1; R$ 30,00 ;R$ 30,00;
9786558240228;19/07/2024;26;ANSELMO TADEU FERREIRA;"A NOCAO DE ALMA NA ""SUMA DE TEOLOGIA"" DE TOMAS DE AQUINO";EDUFU;1; R$ 30,00 ;R$ 30,00;
9786558240433;25/07/2024;27;RAQUEL DISCINI DE CAMPOS;A EDUCACAO ENTRE A ETICA E A ESTETICA: OS ALBUNS ILUSTRADOS PAULISTAS (1915-1929);EDUFU;1; R$ 50,00 ;R$ 50,00;
9786558240228;05/08/2024;28;ANSELMO TADEU FERREIRA;"A NOCAO DE ALMA NA ""SUMA DE TEOLOGIA"" DE TOMAS DE AQUINO";EDUFU;1; R$ 30,00 ;R$ 30,00;
9786558240327;05/08/2024;29;RENATA NEIVA;PEDAGOGIAS DA BELEZA;EDUFU;1; R$ 30,00 ;R$ 30,00;
9786558240228;05/08/2024;30;ANSELMO TADEU FERREIRA;"A NOCAO DE ALMA NA ""SUMA DE TEOLOGIA"" DE TOMAS DE AQUINO";EDUFU;1; R$ 30,00 ;R$ 30,00;
9788570784032;06/08/2024;31;HELIO SIQUEIRA AIDAR;VAMOS AO LABORATORIO? EXPERIENCIA DE QUIMICA PARA O ENSINO MEDIO;EDUFU;1; R$ 33,33 ;R$ 33,33;
9788570784032;09/08/2024;32;HELIO SIQUEIRA AIDAR;VAMOS AO LABORATORIO? EXPERIENCIA DE QUIMICA PARA O ENSINO MEDIO;EDUFU;1; R$ 33,33 ;R$ 33,33;
9786558240433;29/08/2024;33;RAQUEL DISCINI DE CAMPOS;A EDUCACAO ENTRE A ETICA E A ESTETICA: OS ALBUNS ILUSTRADOS PAULISTAS (1915-1929);EDUFU;4; R$ 50,00 ;R$ 200,00;
9788570785145;29/08/2024;33;MARCOS TULIO CICERO;AS LEIS ;EDUFU;4; R$ 53,33 ;R$ 213,32;
9786558240228;29/08/2024;33;ANSELMO TADEU FERREIRA;"A NOCAO DE ALMA NA ""SUMA DE TEOLOGIA"" DE TOMAS DE AQUINO";EDUFU;4; R$ 30,00 ;R$ 120,00;
9786588055045;29/08/2024;33;CHARLES SANDERS PEIRCE E CASSIANO TERRA RODRIGUES;ESCRITOS DA SERIE COGNITIVA;EDUFU;4; R$ 50,00 ;R$ 200,00;
9786588055014;29/08/2024;33;LAWRENCE VENUTTI;ENSINANDO A TRADUCAO: PROGRAMAS, DISCIPLINAS E ABORDAGENS PEDAGOGICAS;EDUFU;4; R$ 63,67 ;R$ 254,68;
9786588055052;29/08/2024;33;FERNANDO FERNANDES DE OLIVEIRA;GEOGRAFIA DE UMA CORPORACAO EM REDE: A TRAJETORIA ESPACO-TEMPORAL DO GRUPO ALGAR (1930-2019);EDUFU;4; R$ 40,00 ;R$ 160,00;
9786558240235;29/08/2024;33;JUSTINO MAGALHAES;NA ROTA DA EDUCACAO;EDUFU;4; R$ 40,00 ;R$ 160,00;
9786588055021;29/08/2024;33;LEANDRO SILVEIRA DE ARAUJO;A EXPRESSAO DA ANTERIORIDADE TEMPORAL EM ESPANHOL: UMA ANALISE SOCIOLINGUISTICA;EDUFU;4; R$ 40,00 ;R$ 160,00;
9786588055038;29/08/2024;33;WAGNER DE MELLO ELIAS;A IGREJA COMO PODER ECLESIASTICO E CIVIL EM THOMAS HOBBES;EDUFU;4; R$ 56,67 ;R$ 226,68;
9788570784087;30/08/2024;34;MARCOS TULIO CICERO;A NATUREZA DOS DEUSES;EDUFU;1; R$ 36,67 ;R$ 36,67;
9788570783080;30/08/2024;34;MARCOS TULIO CICERO;DISCUSSOES TUSCULANAS;EDUFU;1; R$ 36,67 ;R$ 36,67;
9786558240433;30/08/2024;34;RAQUEL DISCINI DE CAMPOS;A EDUCACAO ENTRE A ETICA E A ESTETICA: OS ALBUNS ILUSTRADOS PAULISTAS (1915-1929);EDUFU;1; R$ 50,00 ;R$ 50,00;
9786558240433;30/08/2024;35;RAQUEL DISCINI DE CAMPOS;A EDUCACAO ENTRE A ETICA E A ESTETICA: OS ALBUNS ILUSTRADOS PAULISTAS (1915-1929);EDUFU;3; R$ 50,00 ;R$ 150,00;
9786558240433;30/08/2024;36;RAQUEL DISCINI DE CAMPOS;A EDUCACAO ENTRE A ETICA E A ESTETICA: OS ALBUNS ILUSTRADOS PAULISTAS (1915-1929);EDUFU;1; R$ 50,00 ;R$ 50,00;
9786588055038;30/08/2024;36;WAGNER DE MELLO ELIAS;A IGREJA COMO PODER ECLESIASTICO E CIVIL EM THOMAS HOBBES;EDUFU;1; R$ 56,67 ;R$ 56,67;
9786558240228;30/08/2024;36;ANSELMO TADEU FERREIRA;"A NOCAO DE ALMA NA ""SUMA DE TEOLOGIA"" DE TOMAS DE AQUINO";EDUFU;1; R$ 30,00 ;R$ 30,00;
9788570783653;30/08/2024;37;EUCIDIO PIMENTA ARRUDA;EDUCACAO A DISTANCIA NO BRASIL: A PEDAGOGIA EM FOCO: VOLUME 2;EDUFU;1; R$ 26,67 ;R$ 26,67;
9780000000000;30/08/2024;37;PROMOCIONAL;PROMOCIONAL;EDUFU;2; R$ 5,00 ;R$ 10,00;
9786558240433;30/08/2024;37;RAQUEL DISCINI DE CAMPOS;A EDUCACAO ENTRE A ETICA E A ESTETICA: OS ALBUNS ILUSTRADOS PAULISTAS (1915-1929);EDUFU;1; R$ 50,00 ;R$ 50,00;
9786558240228;30/08/2024;37;ANSELMO TADEU FERREIRA;"A NOCAO DE ALMA NA ""SUMA DE TEOLOGIA"" DE TOMAS DE AQUINO";EDUFU;3; R$ 30,00 ;R$ 90,00;
9788570781550;04/09/2024;38;GILBERTO CEZAR DE NORONHA;JOAQUINA DO POMPEU: TRAMAS DE MEMORIAS E HISTORIAS NOS SERTOES DO SAO FRANCISCO;EDUFU;1; R$ 33,33 ;R$ 33,33;
9786558240228;04/09/2024;39;ANSELMO TADEU FERREIRA;"A NOCAO DE ALMA NA ""SUMA DE TEOLOGIA"" DE TOMAS DE AQUINO";EDUFU;1; R$ 30,00 ;R$ 30,00;
9786588055045;04/09/2024;39;CHARLES SANDERS PEIRCE E CASSIANO TERRA RODRIGUES;ESCRITOS DA SERIE COGNITIVA;EDUFU;1; R$ 50,00 ;R$ 50,00;
9780000000000;04/09/2024;39;PROMOCIONAL;PROMOCIONAL;EDUFU;3; R$ 5,00 ;R$ 15,00;
9788570784926;06/09/2024;40;CARLOS HENRIQUE DE CARVALHO;HISTORIA DA EDUCACAO EM MINAS GERAIS;EDUFU;1; R$ 60,00 ;R$ 60,00;
9786557110416;24/09/2024;41;ARTHUR SCHOPENHAUER;SOBRE A LIBERDADE DA VONTADE ;UNESP;1; R$ 35,20 ;R$ 35,20;
9788539307852;24/09/2024;41;ARISTOTELES;CATEGORIAS ;UNESP;1; R$ 52,00 ;R$ 52,00;
9788539303656;24/09/2024;41;HANS JOAS;SACRALIDADE DA PESSOA, A ;UNESP;1; R$ 55,20 ;R$ 55,20;
9786557110577;24/09/2024;42;JUDITH BUTLER;DISCURSO DE ODIO ;UNESP;1; R$ 46,40 ;R$ 46,40;
9786557110386;24/09/2024;43;T. H. MARSHALL, TOM BOTTOMORE;CIDADANIA E CLASSE SOCIAL ;UNESP;1; R$ 36,80 ;R$ 36,80;
9788539305063;24/09/2024;43;TZVETAN TODOROV;VIDA EM COMUM, A ;UNESP;1; R$ 51,20 ;R$ 51,20;
9786558240433;24/09/2024;45;RAQUEL DISCINI DE CAMPOS;A EDUCACAO ENTRE A ETICA E A ESTETICA: OS ALBUNS ILUSTRADOS PAULISTAS (1915-1929);EDUFU;1; R$ 50,00 ;R$ 50,00;
9788571395497;24/09/2024;45;AYERBE, LUIS FERNANDO;REVOLUCAO CUBANA, A;UNESP;1; R$ 30,40 ;R$ 30,40;
9786588055045;24/09/2024;46;CHARLES SANDERS PEIRCE E CASSIANO TERRA RODRIGUES;ESCRITOS DA SERIE COGNITIVA;EDUFU;1; R$ 50,00 ;R$ 50,00;
9786558240228;24/09/2024;47;ANSELMO TADEU FERREIRA;"A NOCAO DE ALMA NA ""SUMA DE TEOLOGIA"" DE TOMAS DE AQUINO";EDUFU;1; R$ 30,00 ;R$ 30,00;
9788570784087;24/09/2024;48;MARCOS TULIO CICERO;A NATUREZA DOS DEUSES;EDUFU;1; R$ 36,67 ;R$ 36,67;
9786558240228;24/09/2024;49;ANSELMO TADEU FERREIRA;"A NOCAO DE ALMA NA ""SUMA DE TEOLOGIA"" DE TOMAS DE AQUINO";EDUFU;1; R$ 30,00 ;R$ 30,00;
9786558240228;25/09/2024;50;ANSELMO TADEU FERREIRA;"A NOCAO DE ALMA NA ""SUMA DE TEOLOGIA"" DE TOMAS DE AQUINO";EDUFU;5; R$ 30,00 ;R$ 150,00;
9786588055045;25/09/2024;50;CHARLES SANDERS PEIRCE E CASSIANO TERRA RODRIGUES;ESCRITOS DA SERIE COGNITIVA;EDUFU;5; R$ 50,00 ;R$ 250,00;
9786558240433;27/09/2024;52;RAQUEL DISCINI DE CAMPOS;A EDUCACAO ENTRE A ETICA E A ESTETICA: OS ALBUNS ILUSTRADOS PAULISTAS (1915-1929);EDUFU;2; R$ 50,00 ;R$ 100,00;
9786588055052;27/09/2024;52;FERNANDO FERNANDES DE OLIVEIRA;GEOGRAFIA DE UMA CORPORACAO EM REDE: A TRAJETORIA ESPACO-TEMPORAL DO GRUPO ALGAR (1930-2019);EDUFU;3; R$ 40,00 ;R$ 120,00;
9788570785145;27/09/2024;52;MARCOS TULIO CICERO;AS LEIS ;EDUFU;3; R$ 53,33 ;R$ 159,99;
9786558240228;27/09/2024;52;ANSELMO TADEU FERREIRA;"A NOCAO DE ALMA NA ""SUMA DE TEOLOGIA"" DE TOMAS DE AQUINO";EDUFU;3; R$ 30,00 ;R$ 90,00;
9786588055021;27/09/2024;52;LEANDRO SILVEIRA DE ARAUJO;A EXPRESSAO DA ANTERIORIDADE TEMPORAL EM ESPANHOL: UMA ANALISE SOCIOLINGUISTICA;EDUFU;4; R$ 40,00 ;R$ 160,00;
9786588055038;27/09/2024;52;WAGNER DE MELLO ELIAS;A IGREJA COMO PODER ECLESIASTICO E CIVIL EM THOMAS HOBBES;EDUFU;4; R$ 56,67 ;R$ 226,68;
9786588055014;27/09/2024;52;LAWRENCE VENUTTI;ENSINANDO A TRADUCAO: PROGRAMAS, DISCIPLINAS E ABORDAGENS PEDAGOGICAS;EDUFU;4; R$ 63,67 ;R$ 254,68;
9786588055045;27/09/2024;52;CHARLES SANDERS PEIRCE E CASSIANO TERRA RODRIGUES;ESCRITOS DA SERIE COGNITIVA;EDUFU;4; R$ 50,00 ;R$ 200,00;
9786558240235;27/09/2024;52;JUSTINO MAGALHAES;NA ROTA DA EDUCACAO;EDUFU;4; R$ 40,00 ;R$ 160,00;
9786588055052;27/09/2024;53;FERNANDO FERNANDES DE OLIVEIRA;GEOGRAFIA DE UMA CORPORACAO EM REDE: A TRAJETORIA ESPACO-TEMPORAL DO GRUPO ALGAR (1930-2019);EDUFU;1; R$ 40,00 ;R$ 40,00;
9788570784766;27/09/2024;54;THIAGO DESTRO ROSA FERREIRA;MITOS DA TERRA-MEDIA: MITOLOGIA E MODERNIDADE NA OBRA DE J.R.R. TOLKIEN;EDUFU;1; R$ 26,67 ;R$ 26,67;
9786558240228;30/09/2024;55;ANSELMO TADEU FERREIRA;"A NOCAO DE ALMA NA ""SUMA DE TEOLOGIA"" DE TOMAS DE AQUINO";EDUFU;5; R$ 30,00 ;R$ 150,00;
9786588055045;30/09/2024;56;CHARLES SANDERS PEIRCE E CASSIANO TERRA RODRIGUES;ESCRITOS DA SERIE COGNITIVA;EDUFU;5; R$ 50,00 ;R$ 250,00;
9780000000000;30/09/2024;57;PROMOCIONAL;PROMOCIONAL;EDUFU;2; R$ 5,00 ;R$ 10,00;
9786557112380;30/09/2024;57;ROGER CHARTIER;MAPAS E FICCOES ;UNESP;1; R$ 55,20 ;R$ 55,20;
9780000000000;30/09/2024;58;PROMOCIONAL;PROMOCIONAL;EDUFU;1; R$ 5,00 ;R$ 5,00;
9786588055045;01/10/2024;60;CHARLES SANDERS PEIRCE E CASSIANO TERRA RODRIGUES;ESCRITOS DA SERIE COGNITIVA;EDUFU;1; R$ 50,00 ;R$ 50,00;
9780000000000;03/10/2024;61;PROMOCIONAL;PROMOCIONAL;EDUFU;1; R$ 5,00 ;R$ 5,00;
9788539304059;04/10/2024;62;ARISTOTELES;DA INTERPRETACAO ;UNESP;1; R$ 45,60 ;R$ 45,60;
9788571399396;04/10/2024;62;GALILEU GALILEI;CIENCIA E FE - 2. EDICAO ;UNESP;1; R$ 36,00 ;R$ 36,00;
9780000000000;04/10/2024;63;PROMOCIONAL;PROMOCIONAL;EDUFU;1; R$ 5,00 ;R$ 5,00;
9788570783851;04/10/2024;64;RUBENS DARIO FUCHS;TRANSMISSAO DE ENERGIA ELETRICA;EDUFU;1; R$ 50,00 ;R$ 50,00;
9786558240327;04/10/2024;65;RENATA NEIVA;PEDAGOGIAS DA BELEZA;EDUFU;1; R$ 30,00 ;R$ 30,00;
9786588055052;04/10/2024;65;FERNANDO FERNANDES DE OLIVEIRA;GEOGRAFIA DE UMA CORPORACAO EM REDE: A TRAJETORIA ESPACO-TEMPORAL DO GRUPO ALGAR (1930-2019);EDUFU;1; R$ 40,00 ;R$ 40,00;
9786558240433;04/10/2024;65;RAQUEL DISCINI DE CAMPOS;A EDUCACAO ENTRE A ETICA E A ESTETICA: OS ALBUNS ILUSTRADOS PAULISTAS (1915-1929);EDUFU;2; R$ 50,00 ;R$ 100,00;
9786558581086;04/10/2024;66;"STUART HALL ; LIV SOVIK";DA DIASPORA - IDENTIDADES E MEDIACOES CULTURAIS;UFMG;1; R$ 52,00 ;R$ 52,00;
9788539301133;07/10/2024;67;ILYA PRIGOGINE;FIM DAS CERTEZAS - 2. EDICAO, ;UNESP;1; R$ 49,60 ;R$ 49,60;
9786557111543;07/10/2024;67;THOMAS S. KUHN, BOJANA MLADENOVIC (ORG.);INCOMENSURABILIDADE NA CIENCIA ;UNESP;1; R$ 68,80 ;R$ 68,80;
9786557112281;07/10/2024;68;JAMES NAYLOR GREEN;ESCRITOS DE UM VIADO VERMELHO ;UNESP;1; R$ 78,40 ;R$ 78,40;
9788570784704;07/10/2024;68;HELIO BENICIO DE PAIVA;MEMORIAS, HISTORIAS E CRONICAS TIJUCANAS;EDUFU;1; R$ 40,00 ;R$ 40,00;
9786558240327;07/10/2024;68;RENATA NEIVA;PEDAGOGIAS DA BELEZA;EDUFU;1; R$ 30,00 ;R$ 30,00;
9788542302448;07/10/2024;69;"RICARDO FABRINO MENDONCA; ELEONORA SCHETTINI MARTINS CUNHA";INTRODUCAO A TEORIA DEMOCRATICA: CONCEITOS, HISTORIAS;UFMG;1; R$ 75,20 ;R$ 75,20;
9788570411501;07/10/2024;69;NADIA SOUKI;HANNAH ARENDT E A BANALIDADE DO MAL;UFMG;1; R$ 36,00 ;R$ 36,00;
9788542302080;07/10/2024;69;"JOSE LUIZ BORGES HORTA ; KARINE SALGADO";HISTORIA, ESTADO E IDEALISMO ALEMAO;UFMG;1; R$ 33,60 ;R$ 33,60;
9788539305988;08/10/2024;70;ARTHUR SCHOPENHAUER;MUNDO COMO VONTADE E COMO REPR TOMO 2;UNESP;1; R$ 128,00 ;R$ 128,00;
9788539305629;08/10/2024;70;ARTHUR SCHOPENHAUER;MUNDO COMO VONTADE E COMO REPR TOMO 1;UNESP;1; R$ 107,20 ;R$ 107,20;
9788542302998;08/10/2024;71;ROBERTO ESPOSITO;DOIS: A MAQUINA DA TEOLOGIA POLITICA E O LUGAR DO PENSA;UFMG;1; R$ 54,40 ;R$ 54,40;
9788570414595;08/10/2024;71;GIORGIO AGAMBEN;INFANCIA E HISTORIA - DESTRUICAO DA EXPERIENCIA E ORIGE;UFMG;1; R$ 45,60 ;R$ 45,60;
9788570419965;08/10/2024;71;HENRI LEFEBVRE;ESPACO E POLITICA: O DIREITO A CIDADE II;UFMG;1; R$ 40,80 ;R$ 40,80;
9786588055045;08/10/2024;72;CHARLES SANDERS PEIRCE E CASSIANO TERRA RODRIGUES;ESCRITOS DA SERIE COGNITIVA;EDUFU;1; R$ 50,00 ;R$ 50,00;
9788570414779;08/10/2024;73;WALTER BENJAMIN;PASSAGENS;UFMG;1; R$ 237,60 ;R$ 237,60;
9788539307555;10/10/2024;74;RENE DESCARTES, PABLO RUBEN MARICONDA;DISCURSO DO METODO & ENSAIOS ;UNESP;1; R$ 110,40 ;R$ 110,40;
9786558581253;10/10/2024;75;GEORGES DIDI-HUBERMAN;PASSADOS CITADOS POR JEAN-LUC GODARD;UFMG;1; R$ 55,20 ;R$ 55,20;
9788570414595;10/10/2024;75;GIORGIO AGAMBEN;INFANCIA E HISTORIA - DESTRUICAO DA EXPERIENCIA E ORIGE;UFMG;1; R$ 45,60 ;R$ 45,60;
9788570783851;10/10/2024;77;RUBENS DARIO FUCHS;TRANSMISSAO DE ENERGIA ELETRICA;EDUFU;1; R$ 50,00 ;R$ 50,00;
9788570783851;10/10/2024;78;RUBENS DARIO FUCHS;TRANSMISSAO DE ENERGIA ELETRICA;EDUFU;1; R$ 50,00 ;R$ 50,00;
9788570783851;10/10/2024;79;RUBENS DARIO FUCHS;TRANSMISSAO DE ENERGIA ELETRICA;EDUFU;1; R$ 50,00 ;R$ 50,00;
9786557112496;10/10/2024;80;LEBRUN, GERARD;VINGANCA DO BOM SELVAGEM E OUT;UNESP;1; R$ 55,20 ;R$ 55,20;
9786557110287;10/10/2024;80;RUY FAUSTO;CAPITAL E A LOGICA DE HEGEL, O ;UNESP;1; R$ 41,60 ;R$ 41,60;
9788539305070;11/10/2024;81;NOAM CHOMSKY;CIENCIA DA LINGUAGEM, A ;UNESP;1; R$ 76,80 ;R$ 76,80;
9786557112076;11/10/2024;82;COHEN, GERALD ALLAN;POR QUE NAO O SOCIALISMO?;UNESP;1; R$ 39,20 ;R$ 39,20;
9786557111956;11/10/2024;83;JÜRGEN HABERMAS;UMA NOVA MUDANCA ESTRUTURAL DA ;UNESP;1; R$ 31,20 ;R$ 31,20;
9780000000000;11/10/2024;84;PROMOCIONAL;PROMOCIONAL;EDUFU;1; R$ 5,00 ;R$ 5,00;
9780000000000;11/10/2024;84;PROMOCIONAL;PROMOCIONAL;EDUFU;1; R$ 5,00 ;R$ 5,00;
9788570783851;14/11/2024;85;RUBENS DARIO FUCHS;TRANSMISSAO DE ENERGIA ELETRICA;EDUFU;1; R$ 50,00 ;R$ 50,00;
9788570783851;14/11/2024;87;RUBENS DARIO FUCHS;TRANSMISSAO DE ENERGIA ELETRICA;EDUFU;1; R$ 50,00 ;R$ 50,00;
9788542300420;14/11/2024;89;JOAO FERES JUNIOR;LEXICO DA HISTORIA DOS CONCEITOS POLITICOS DO BRASIL;UFMG;1; R$ 61,60 ;R$ 61,60;
9786558580010;14/11/2024;89;ANGELO MACHADO;O TRATADO DE GUERRA;UFMG;1; R$ 52,80 ;R$ 52,80;
9788570413505;14/11/2024;89;HANS ULRICH GUMBRECHT;FUNCOES DA RETORICA PARLAMENTAR NA REVOLUCAO FRANC;UFMG;1; R$ 36,80 ;R$ 36,80;
9786588055045;15/10/2024;90;CHARLES SANDERS PEIRCE E CASSIANO TERRA RODRIGUES;ESCRITOS DA SERIE COGNITIVA;EDUFU;1; R$ 50,00 ;R$ 50,00;
9786557110058;15/10/2024;91;PETER BURKE;POLIMATA, O;UNESP;1; R$ 75,20 ;R$ 75,20;
9780000000000;24/10/2024;94;PROMOCIONAL;PROMOCIONAL;EDUFU;1; R$ 5,00 ;R$ 5,00;
9788570783851;17/10/2024;95;RUBENS DARIO FUCHS;TRANSMISSAO DE ENERGIA ELETRICA;EDUFU;1; R$ 50,00 ;R$ 50,00;
9786557110324;18/10/2024;96;FRANCIS WOLFF;EM DEFESA DO UNIVERSAL ;UNESP;1; R$ 64,00 ;R$ 64,00;
9786558581253;19/10/2024;97;GEORGES DIDI-HUBERMAN;PASSADOS CITADOS POR JEAN-LUC GODARD;UFMG;1; R$ 55,20 ;R$ 55,20;
9786558581222;19/10/2024;99;"PHILIPPE OLIVEIRA DE ALMEIDA; KARINE SALGADO";VIRTUDES DA REPUBLICA, AS;UFMG;1; R$ 40,80 ;R$ 40,80;
9786558580966;19/10/2024;99;IVAN DOMINGUES;FOUCAULT, A ARQUEOLOGIA E AS PALAVRAS E AS COISAS - 50 A;UFMG;1; R$ 52,00 ;R$ 52,00;
9788570419125;19/10/2024;99;ANTOINE COMPAGNON;ANTIMODERNOS, OS - DE JOSEPH DE MAISTRE A ROLAND BART;UFMG;1; R$ 60,00 ;R$ 60,00;
9786588055151;19/10/2024;100;KLEBER DEL-CLARO;ECOLOGIA COMPORTAMENTAL: UMA CONVERSA SOBRE BIOLOGIA EVOLUTIVA;EDUFU;1; R$ 50,00 ;R$ 50,00;
9780000000000;19/10/2024;101;PROMOCIONAL;PROMOCIONAL;EDUFU;2; R$ 5,00 ;R$ 10,00;
9786588055014;19/10/2024;102;LAWRENCE VENUTTI;ENSINANDO A TRADUCAO: PROGRAMAS, DISCIPLINAS E ABORDAGENS PEDAGOGICAS;EDUFU;1; R$ 63,67 ;R$ 63,67;
9788570783851;19/10/2024;103;RUBENS DARIO FUCHS;TRANSMISSAO DE ENERGIA ELETRICA;EDUFU;1; R$ 50,00 ;R$ 50,00;
9780000000000;19/10/2024;104;PROMOCIONAL;PROMOCIONAL;EDUFU;1; R$ 5,00 ;R$ 5,00;
9788570785145;19/10/2024;105;MARCOS TULIO CICERO;AS LEIS ;EDUFU;1; R$ 53,33 ;R$ 53,33;
9788570783080;19/10/2024;105;MARCOS TULIO CICERO;DISCUSSOES TUSCULANAS;EDUFU;1; R$ 36,67 ;R$ 36,67;
9786558240228;19/10/2024;105;ANSELMO TADEU FERREIRA;"A NOCAO DE ALMA NA ""SUMA DE TEOLOGIA"" DE TOMAS DE AQUINO";EDUFU;1; R$ 30,00 ;R$ 30,00;
9788570784131;19/10/2024;105;BRUNO FREGNI BASSETTO;A DIVINACAO;EDUFU;1; R$ 36,67 ;R$ 36,67;
9788570417534;19/10/2024;106;ANTOINE COMPAGNON;LITERATURA PARA QUE ?;UFMG;1; R$ 18,40 ;R$ 18,40;
9786558240228;19/10/2024;107;ANSELMO TADEU FERREIRA;"A NOCAO DE ALMA NA ""SUMA DE TEOLOGIA"" DE TOMAS DE AQUINO";EDUFU;1; R$ 30,00 ;R$ 30,00;
9786588055151;19/10/2024;112;KLEBER DEL-CLARO;ECOLOGIA COMPORTAMENTAL: UMA CONVERSA SOBRE BIOLOGIA EVOLUTIVA;EDUFU;1; R$ 74,00 ;R$ 74,00;
9786588055151;19/10/2024;113;KLEBER DEL-CLARO;ECOLOGIA COMPORTAMENTAL: UMA CONVERSA SOBRE BIOLOGIA EVOLUTIVA;EDUFU;1; R$ 74,00 ;R$ 74,00;
9786588055151;19/10/2024;114;KLEBER DEL-CLARO;ECOLOGIA COMPORTAMENTAL: UMA CONVERSA SOBRE BIOLOGIA EVOLUTIVA;EDUFU;1; R$ 74,00 ;R$ 74,00;
9786588055151;19/10/2024;115;KLEBER DEL-CLARO;ECOLOGIA COMPORTAMENTAL: UMA CONVERSA SOBRE BIOLOGIA EVOLUTIVA;EDUFU;1; R$ 74,00 ;R$ 74,00;
9786588055151;19/10/2024;116;KLEBER DEL-CLARO;ECOLOGIA COMPORTAMENTAL: UMA CONVERSA SOBRE BIOLOGIA EVOLUTIVA;EDUFU;1; R$ 74,00 ;R$ 74,00;
9786588055151;19/10/2024;117;KLEBER DEL-CLARO;ECOLOGIA COMPORTAMENTAL: UMA CONVERSA SOBRE BIOLOGIA EVOLUTIVA;EDUFU;1; R$ 74,00 ;R$ 74,00;
9786588055151;19/10/2024;117;KLEBER DEL-CLARO;ECOLOGIA COMPORTAMENTAL: UMA CONVERSA SOBRE BIOLOGIA EVOLUTIVA;EDUFU;1; R$ 74,00 ;R$ 74,00;
9786588055151;19/10/2024;118;KLEBER DEL-CLARO;ECOLOGIA COMPORTAMENTAL: UMA CONVERSA SOBRE BIOLOGIA EVOLUTIVA;EDUFU;1; R$ 74,00 ;R$ 74,00;
9786588055151;19/10/2024;119;KLEBER DEL-CLARO;ECOLOGIA COMPORTAMENTAL: UMA CONVERSA SOBRE BIOLOGIA EVOLUTIVA;EDUFU;1; R$ 74,00 ;R$ 74,00;
9788570784087;19/10/2024;120;MARCOS TULIO CICERO;A NATUREZA DOS DEUSES;EDUFU;1; R$ 36,67 ;R$ 36,67;
9788570783851;01/11/2024;121;RUBENS DARIO FUCHS;TRANSMISSAO DE ENERGIA ELETRICA;EDUFU;1; R$ 50,00 ;R$ 50,00;
9788570783851;01/11/2024;122;RUBENS DARIO FUCHS;TRANSMISSAO DE ENERGIA ELETRICA;EDUFU;1; R$ 50,00 ;R$ 50,00;
9786588055151;01/11/2024;127;KLEBER DEL-CLARO;ECOLOGIA COMPORTAMENTAL: UMA CONVERSA SOBRE BIOLOGIA EVOLUTIVA;EDUFU;1; R$ 59,20 ;R$ 59,20;
9780000000000;01/11/2024;128;PROMOCIONAL;PROMOCIONAL;EDUFU;1; R$ 5,00 ;R$ 5,00;
9788539305940;01/11/2024;128;LE GOFF, JACQUES;HISTORIA DEVE SER DIVIDIDA EM;UNESP;1; R$ 44,80 ;R$ 44,80;
9788539304981;01/11/2024;129;KARL POPPER;DOIS PROBLEMAS FUNDAMENTAIS DA;UNESP;1; R$ 91,20 ;R$ 91,20;
9788570783080;01/11/2024;130;MARCOS TULIO CICERO;DISCUSSOES TUSCULANAS;EDUFU;1; R$ 55,00 ;R$ 55,00;
9788570784131;01/11/2024;131;BRUNO FREGNI BASSETTO;A DIVINACAO;EDUFU;1; R$ 55,00 ;R$ 55,00;
9786558240433;01/11/2024;132;RAQUEL DISCINI DE CAMPOS;A EDUCACAO ENTRE A ETICA E A ESTETICA: OS ALBUNS ILUSTRADOS PAULISTAS (1915-1929);EDUFU;1; R$ 50,00 ;R$ 50,00;
9780000000000;01/11/2024;133;PROMOCIONAL;PROMOCIONAL;EDUFU;1; R$ 5,00 ;R$ 5,00;
9788570783851;01/11/2024;134;RUBENS DARIO FUCHS;TRANSMISSAO DE ENERGIA ELETRICA;EDUFU;1; R$ 50,00 ;R$ 50,00;
9788539306176;01/11/2024;135;MANUELA CARNEIRO DA CUNHA, PEDRO DE NIEMEYER CESARINO;POLITICAS CULTURAIS E POVOS IN ;UNESP;1; R$ 65,60 ;R$ 65,60;
9786557110058;01/11/2024;135;PETER BURKE;POLIMATA, O;UNESP;1; R$ 75,20 ;R$ 75,20;
9788539301379;01/11/2024;135;JAN AMOS COMENIUS;ESCOLA DA INFANCIA, A ;UNESP;1; R$ 39,20 ;R$ 39,20;
9788570784780;01/11/2024;137;ALICE KRIEG-PLANQUE;ANALISAR DISCURSOS INSTITUCIONAIS;EDUFU;2; R$ 37,50 ;R$ 75,00;
9788539304035;01/11/2024;138;JÜRGEN HABERMAS;FE E SABER ;UNESP;1; R$ 20,80 ;R$ 20,80;
9786588055151;01/11/2024;139;KLEBER DEL-CLARO;ECOLOGIA COMPORTAMENTAL: UMA CONVERSA SOBRE BIOLOGIA EVOLUTIVA;EDUFU;1; R$ 74,00 ;R$ 74,00;
9788570783851;01/11/2024;140;RUBENS DARIO FUCHS;TRANSMISSAO DE ENERGIA ELETRICA;EDUFU;1; R$ 50,00 ;R$ 50,00;
9788570784780;01/11/2024;142;ALICE KRIEG-PLANQUE;ANALISAR DISCURSOS INSTITUCIONAIS;EDUFU;1; R$ 75,00 ;R$ 75,00;
9788570784131;01/11/2024;143;BRUNO FREGNI BASSETTO;A DIVINACAO;EDUFU;1; R$ 55,00 ;R$ 55,00;
9788570783080;01/11/2024;143;MARCOS TULIO CICERO;DISCUSSOES TUSCULANAS;EDUFU;1; R$ 55,00 ;R$ 55,00;
9780000000000;01/11/2024;144;PROMOCIONAL;PROMOCIONAL;EDUFU;1; R$ 5,00 ;R$ 5,00;
9788539307951;01/11/2024;145;MINOIS, GEORGES;HISTORIA DA SOLIDAO E DOS SOLI;UNESP;1; R$ 86,40 ;R$ 86,40;
9786558580270;01/11/2024;145;SALVADOR MUÑOZ VIÑAS;TEORIA CONTEMPORANEA DA RESTAURACAO;UFMG;1; R$ 57,60 ;R$ 57,60;
9788570783080;01/11/2024;146;MARCOS TULIO CICERO;DISCUSSOES TUSCULANAS;EDUFU;1; R$ 55,00 ;R$ 55,00;
9786588055151;01/11/2024;147;KLEBER DEL-CLARO;ECOLOGIA COMPORTAMENTAL: UMA CONVERSA SOBRE BIOLOGIA EVOLUTIVA;EDUFU;1; R$ 59,20 ;R$ 59,20;
9780000000000;01/11/2024;148;PROMOCIONAL;PROMOCIONAL;EDUFU;1; R$ 5,00 ;R$ 5,00;
9780000000000;01/11/2024;148;PROMOCIONAL;PROMOCIONAL;EDUFU;1; R$ 5,00 ;R$ 5,00;
9780000000000;01/11/2024;148;PROMOCIONAL;PROMOCIONAL;EDUFU;1; R$ 5,00 ;R$ 5,00;
9780000000000;01/11/2024;148;PROMOCIONAL;PROMOCIONAL;EDUFU;1; R$ 5,00 ;R$ 5,00;
9780000000000;01/11/2024;148;PROMOCIONAL;PROMOCIONAL;EDUFU;1; R$ 5,00 ;R$ 5,00;
9786558240433;01/11/2024;149;RAQUEL DISCINI DE CAMPOS;A EDUCACAO ENTRE A ETICA E A ESTETICA: OS ALBUNS ILUSTRADOS PAULISTAS (1915-1929);EDUFU;2; R$ 15,00 ;R$ 30,00;
9786588055052;01/11/2024;149;FERNANDO FERNANDES DE OLIVEIRA;GEOGRAFIA DE UMA CORPORACAO EM REDE: A TRAJETORIA ESPACO-TEMPORAL DO GRUPO ALGAR (1930-2019);EDUFU;2; R$ 30,00 ;R$ 60,00;
9788570785145;01/11/2024;149;MARCOS TULIO CICERO;AS LEIS ;EDUFU;1; R$ 40,00 ;R$ 40,00;
9786558240228;01/11/2024;149;ANSELMO TADEU FERREIRA;"A NOCAO DE ALMA NA ""SUMA DE TEOLOGIA"" DE TOMAS DE AQUINO";EDUFU;1; R$ 22,50 ;R$ 22,50;
9786558240327;01/11/2024;150;RENATA NEIVA;PEDAGOGIAS DA BELEZA;EDUFU;1; R$ 30,00 ;R$ 30,00;
9780000000000;01/11/2024;150;PROMOCIONAL;PROMOCIONAL;EDUFU;1; R$ 5,00 ;R$ 5,00;
9780000000000;01/11/2024;150;PROMOCIONAL;PROMOCIONAL;EDUFU;1; R$ 5,00 ;R$ 5,00;
9780000000000;01/11/2024;151;PROMOCIONAL;PROMOCIONAL;EDUFU;1; R$ 5,00 ;R$ 5,00;
9786557111338;01/11/2024;152;ZYGMUNT BAUMAN;HERMENEUTICA E CIENCIA SOCIAL ;UNESP;1; R$ 62,40 ;R$ 62,40;
9786557111505;01/11/2024;152;ZYGMUNT BAUMAN;INDICIOS DA POS-MODERNIDADE ;UNESP;1; R$ 71,20 ;R$ 71,20;
9786557111901;01/11/2024;152;ZYGMUNT BAUMAN;PARA UMA SOCIOLOGIA CRITICA ;UNESP;1; R$ 49,60 ;R$ 49,60;
9788571394810;01/11/2024;153;POMAR, WLADIMIR;REVOLUCAO CHINESA, A;UNESP;1; R$ 30,40 ;R$ 30,40;
9780000000000;01/11/2024;154;PROMOCIONAL;PROMOCIONAL;EDUFU;1; R$ 5,00 ;R$ 5,00;
9780000000000;01/11/2024;155;PROMOCIONAL;PROMOCIONAL;EDUFU;1; R$ 5,00 ;R$ 5,00;
9780000000000;01/11/2024;155;PROMOCIONAL;PROMOCIONAL;EDUFU;1; R$ 5,00 ;R$ 5,00;
9780000000000;01/11/2024;155;PROMOCIONAL;PROMOCIONAL;EDUFU;1; R$ 5,00 ;R$ 5,00;
9788570419231;01/11/2024;156;ELIANE MARTA TEIXEIRA LOPES;CONHECIMENTO E INCLUSAO SOCIAL - 40 ANOS DE PESQUISA E;UFMG;1; R$ 44,00 ;R$ 44,00;
9780000000000;01/11/2024;156;PROMOCIONAL;PROMOCIONAL;EDUFU;1; R$ 5,00 ;R$ 5,00;
9780000000000;01/11/2024;156;PROMOCIONAL;PROMOCIONAL;EDUFU;1; R$ 5,00 ;R$ 5,00;
9780000000000;01/11/2024;156;PROMOCIONAL;PROMOCIONAL;EDUFU;1; R$ 5,00 ;R$ 5,00;
9788542300208;01/11/2024;157;LAURA LUSTOSA RUBIAO;ETICA DO BEM-DIZER NOS ESTUDOS LACANIANOS SOBRE A CO;UFMG;1; R$ 36,00 ;R$ 36,00;
9786558240259;01/12/2024;158;WILHELM VON HUMBOLDT;ENSAIOS SOBRE LINGUA E LINGUAGEM (HUMBOLDT);EDUFU;1; R$ 63,67 ;R$ 63,67;
9786557112038;01/12/2024;159;FOCILLON, HENRI;ANO MIL, O;UNESP;1; R$ 46,40 ;R$ 46,40;
9786588055144;01/12/2024;160;JOAO AGRELI, ROSANGELA DANTAS DE OLIVEIRA, SOLANGE CRISTINA ALGUSTO;BIOHQ3;EDUFU;1; R$ 64,00 ;R$ 64,00;
9786558240228;01/12/2024;161;ANSELMO TADEU FERREIRA;"A NOCAO DE ALMA NA ""SUMA DE TEOLOGIA"" DE TOMAS DE AQUINO";EDUFU;1; R$ 30,00 ;R$ 30,00;
9786588055045;01/12/2024;161;CHARLES SANDERS PEIRCE E CASSIANO TERRA RODRIGUES;ESCRITOS DA SERIE COGNITIVA;EDUFU;1; R$ 50,00 ;R$ 50,00;
9788539301423;01/12/2024;162;HILL, CHRISTOPHER S.;CONSCIENCIA;UNESP;1; R$ 67,20 ;R$ 67,20;
9788539303946;01/12/2024;162;SCHWEITZER, ALBERT;FILOSOFIA DA CIVILIZACAO;UNESP;1; R$ 65,60 ;R$ 65,60;
9786558580744;01/12/2024;163;ROBERTO ESPOSITO;COMMUNITAS: ORIGEM E DESTINO DA COMUNIDADE;UFMG;1; R$ 52,00 ;R$ 52,00;
9786557111420;01/12/2024;163;TERRY EAGLETON;SOBRE O MAL ;UNESP;1; R$ 38,40 ;R$ 38,40;
9788539307814;01/12/2024;163;HARTMUT ROSA;ACELERACAO ;UNESP;1; R$ 84,00 ;R$ 84,00;
9786557110546;01/12/2024;166;JOHN B. THOMPSON;GUERRAS DO LIVRO, AS ;UNESP;1; R$ 99,20 ;R$ 99,20;
9788570784087;01/12/2024;167;MARCOS TULIO CICERO;A NATUREZA DOS DEUSES;EDUFU;1; R$ 17,40 ;R$ 17,40;
9788570784087;01/12/2024;168;MARCOS TULIO CICERO;A NATUREZA DOS DEUSES;EDUFU;1; R$ 17,40 ;R$ 17,40;
9788570784087;01/12/2024;169;MARCOS TULIO CICERO;A NATUREZA DOS DEUSES;EDUFU;1; R$ 25,86 ;R$ 25,86;
9788570784087;01/12/2024;170;MARCOS TULIO CICERO;A NATUREZA DOS DEUSES;EDUFU;1; R$ 25,86 ;R$ 25,86;
9788539305292;01/12/2024;171;VEYNE, PAUL;GREGOS ACREDITAVAM EM SEUS MIT;UNESP;1; R$ 41,60 ;R$ 41,60;
9788539307913;01/12/2024;171;VOVELLE, MICHEL;REVOLUCAO FRANCESA 1789-1799 -;UNESP;1; R$ 62,40 ;R$ 62,40;
9786588055144;01/12/2024;172;JOAO AGRELI, ROSANGELA DANTAS DE OLIVEIRA, SOLANGE CRISTINA ALGUSTO;BIOHQ3;EDUFU;1; R$ 64,00 ;R$ 64,00;
9786557111130;01/12/2024;173;BARBOZA, JAIR;NAUFRAGO DA EXISTENCIA, O;UNESP;1; R$ 51,20 ;R$ 51,20;
9788571395275;01/12/2024;173;SANTAELLA, LUCIA;METODO ANTICARTESIANO DE C. S.;UNESP;1; R$ 51,20 ;R$ 51,20;
9786557112229;01/12/2024;173;PRITCHARD, DUNCAN;CETICISMO;UNESP;1; R$ 41,60 ;R$ 41,60;
9788542303100;01/12/2024;174;"ANA CRISTINA DE VASCONCELLOS ; JUNIA LESSA FRANCA";MANUAL PARA NORMALIZACAO DE PUBLICACOES TECNICO-CI;UFMG;1; R$ 54,40 ;R$ 54,40;
9786588055144;01/12/2024;175;JOAO AGRELI, ROSANGELA DANTAS DE OLIVEIRA, SOLANGE CRISTINA ALGUSTO;BIOHQ3;EDUFU;1; R$ 80,00 ;R$ 80,00;
9786557111000;01/12/2024;176;HENRI BERGSON;IDEIA DE TEMPO, A ;UNESP;1; R$ 58,80 ;R$ 58,80;
9788570785145;01/12/2024;176;MARCOS TULIO CICERO;AS LEIS ;EDUFU;1; R$ 48,00 ;R$ 48,00;
9786558580560;01/12/2024;176;CLAUDE LEFORT;O TRABALHO DA OBRA MAQUIAVEL;UFMG;1; R$ 113,94 ;R$ 113,94;
9788539301201;01/12/2024;176;MARY DEL PRIORE, MARCIA AMANTINO;HISTORIA DO CORPO NO BRASIL ;UNESP;1; R$ 64,80 ;R$ 64,80;
9788570784087;01/12/2024;178;MARCOS TULIO CICERO;A NATUREZA DOS DEUSES;EDUFU;1; R$ 17,40 ;R$ 17,40;
9788570784087;01/12/2024;178;MARCOS TULIO CICERO;A NATUREZA DOS DEUSES;EDUFU;1; R$ 17,40 ;R$ 17,40;
9780000000000;01/12/2024;179;PROMOCIONAL;PROMOCIONAL;EDUFU;6; R$ 5,00 ;R$ 30,00;
9788570783851;01/01/2025;180;RUBENS DARIO FUCHS;TRANSMISSAO DE ENERGIA ELETRICA;EDUFU;1; R$ 50,00 ;R$ 50,00;
9786588055038;01/01/2025;181;WAGNER DE MELLO ELIAS;A IGREJA COMO PODER ECLESIASTICO E CIVIL EM THOMAS HOBBES;EDUFU;2; R$ 56,80 ;R$ 113,60;
9786588055151;01/01/2025;182;KLEBER DEL-CLARO;ECOLOGIA COMPORTAMENTAL: UMA CONVERSA SOBRE BIOLOGIA EVOLUTIVA;EDUFU;1; R$ 59,20 ;R$ 59,20;
9788570784131;01/01/2025;185;BRUNO FREGNI BASSETTO;A DIVINACAO;EDUFU;1; R$ 55,00 ;R$ 55,00;
9788570784087;01/01/2025;185;MARCOS TULIO CICERO;A NATUREZA DOS DEUSES;EDUFU;1; R$ 55,00 ;R$ 55,00;
9788570783080;01/01/2025;185;MARCOS TULIO CICERO;DISCUSSOES TUSCULANAS;EDUFU;1; R$ 55,00 ;R$ 55,00;
9788570785145;01/01/2025;185;MARCOS TULIO CICERO;AS LEIS ;EDUFU;1; R$ 80,00 ;R$ 80,00;
9786558240259;01/01/2025;191;WILHELM VON HUMBOLDT;ENSAIOS SOBRE LINGUA E LINGUAGEM (HUMBOLDT);EDUFU;1; R$ 63,67 ;R$ 63,67;
9786588055038;01/01/2025;192;WAGNER DE MELLO ELIAS;A IGREJA COMO PODER ECLESIASTICO E CIVIL EM THOMAS HOBBES;EDUFU;1; R$ 56,60 ;R$ 56,60;
9780000000000;01/01/2025;193;PROMOCIONAL;PROMOCIONAL;EDUFU;5; R$ 17,50 ;R$ 87,50;
9786588055151;01/01/2025;194;KLEBER DEL-CLARO;ECOLOGIA COMPORTAMENTAL: UMA CONVERSA SOBRE BIOLOGIA EVOLUTIVA;EDUFU;1; R$ 74,00 ;R$ 74,00;
9786557112205;01/01/2025;195;FRANCISCO FOOT HARDMAN;NEM PATRIA, NEM PATRAO! - 4 ED ;UNESP;1; R$ 73,60 ;R$ 73,60;
9786588055038;01/01/2025;196;WAGNER DE MELLO ELIAS;A IGREJA COMO PODER ECLESIASTICO E CIVIL EM THOMAS HOBBES;EDUFU;2; R$ 56,00 ;R$ 112,00;
9786557111550;01/01/2025;197;PIMENTA, PEDRO PAULO;METAFORAS DO CORPO NO SECULO D;UNESP;1; R$ 51,20 ;R$ 51,20;
9788570784087;01/02/2025;198;MARCOS TULIO CICERO;A NATUREZA DOS DEUSES;EDUFU;1; R$ 55,00 ;R$ 55,00;
9788570783851;01/02/2025;199;RUBENS DARIO FUCHS;TRANSMISSAO DE ENERGIA ELETRICA;EDUFU;1; R$ 50,00 ;R$ 50,00;
9788539307944;01/02/2025;200;STRAWSON, PETER F.;INDIVIDUOS;UNESP;1; R$ 62,40 ;R$ 62,40;
9788539307449;01/02/2025;200;GÜNTER FRANKENBERG;TECNICAS DE ESTADO ;UNESP;1; R$ 73,60 ;R$ 73,60;
9788539307951;01/02/2025;200;MINOIS, GEORGES;HISTORIA DA SOLIDAO E DOS SOLI;UNESP;1; R$ 86,40 ;R$ 86,40;
9786558581284;01/02/2025;201;ANTOINE COMPAGNON;GANHAR A SAIDA;UFMG;1; R$ 18,40 ;R$ 18,40;
9788570418364;01/02/2025;201;ADLA BETSAIDA MARTINS TEIXEIRA;TEMAS ATUAIS EM DIDATICA;UFMG;1; R$ 28,80 ;R$ 28,80;
9788539306114;01/02/2025;202;NORBERTO BOBBIO;POLITICA E CULTURA ;UNESP;1; R$ 73,60 ;R$ 73,60;
9788539308033;01/02/2025;202;POPPER, KARL;MUNDO DE PARMENIDES - 2. EDICA;UNESP;1; R$ 73,60 ;R$ 73,60;
9788539305698;01/02/2025;202;LOWITH, KARL;DE HEGEL A NIETZSCHE;UNESP;1; R$ 33,60 ;R$ 33,60;
9788570784087;01/02/2025;203;MARCOS TULIO CICERO;A NATUREZA DOS DEUSES;EDUFU;1; R$ 55,00 ;R$ 55,00;
9788570784131;01/02/2025;203;BRUNO FREGNI BASSETTO;A DIVINACAO;EDUFU;1; R$ 55,00 ;R$ 55,00;
9788570784780;01/02/2025;204;ALICE KRIEG-PLANQUE;ANALISAR DISCURSOS INSTITUCIONAIS;EDUFU;1; R$ 50,00 ;R$ 50,00;
9786588055144;01/02/2025;205;JOAO AGRELI, ROSANGELA DANTAS DE OLIVEIRA, SOLANGE CRISTINA ALGUSTO;BIOHQ3;EDUFU;1; R$ 65,00 ;R$ 65,00;
9786588055144;01/02/2025;206;JOAO AGRELI, ROSANGELA DANTAS DE OLIVEIRA, SOLANGE CRISTINA ALGUSTO;BIOHQ3;EDUFU;1; R$ 65,00 ;R$ 65,00;
9788539300389;01/02/2025;207;WILHELM DILTHEY;CONSTRUCAO DO MUNDO HISTORICO;UNESP;1; R$ 92,80 ;R$ 92,80;
9788539300723;01/02/2025;207;MARC HALEVY;ERA DO CONHECIMENTO, A ;UNESP;1; R$ 63,20 ;R$ 63,20;
9786557110041;01/02/2025;208;ADORNO, THEODOR W.;INDUSTRIA CULTURAL;UNESP;1; R$ 58,80 ;R$ 58,80;
9786558240259;01/02/2025;209;WILHELM VON HUMBOLDT;ENSAIOS SOBRE LINGUA E LINGUAGEM (HUMBOLDT);EDUFU;1; R$ 63,67 ;R$ 63,67;
9788570784711;01/02/2025;210;MARCEL MAMO, MARILI PERES JUNQUEIRA;A FORMACAO DO PROFESSOR DE CIENCIAS SOCIAIS: DESAFIOS E POSSIBILIDADES;EDUFU;1; R$ 26,60 ;R$ 26,60;
9786557110577;01/02/2025;211;JUDITH BUTLER;DISCURSO DE ODIO ;UNESP;1; R$ 46,40 ;R$ 46,40;
9788539307548;01/02/2025;211;DOSSE, FRANCOIS;IMPERIO DO SENTIDO, O;UNESP;1; R$ 78,40 ;R$ 78,40;
9786557110973;01/02/2025;211;MOURA, CARLOS ALBERTO RIBEIRO DE;CRITICA DA RAZAO NA FENOMENOLO;UNESP;1; R$ 55,20 ;R$ 55,20;
9780000000000;01/02/2025;212;PROMOCIONAL;PROMOCIONAL;EDUFU;1; R$ 15,00 ;R$ 15,00;
9788539306091;01/02/2025;213;TODOROV, TZVETAN;CRITICA DA CRITICA;UNESP;1; R$ 57,60 ;R$ 57,60;
9786558580355;01/02/2025;214;HANS BLUMENBERG;LEGIBILIDADE DO MUNDO, A;UFMG;1; R$ 78,40 ;R$ 78,40;
9788542302080;01/02/2025;214;"JOSE LUIZ BORGES HORTA ; KARINE SALGADO";HISTORIA, ESTADO E IDEALISMO ALEMAO;UFMG;1; R$ 33,60 ;R$ 33,60;
9786588055038;01/02/2025;215;WAGNER DE MELLO ELIAS;A IGREJA COMO PODER ECLESIASTICO E CIVIL EM THOMAS HOBBES;EDUFU;1; R$ 55,00 ;R$ 55,00;
9786588055038;01/02/2025;216;WAGNER DE MELLO ELIAS;A IGREJA COMO PODER ECLESIASTICO E CIVIL EM THOMAS HOBBES;EDUFU;1; R$ 55,00 ;R$ 55,00;
9786588055038;01/02/2025;217;WAGNER DE MELLO ELIAS;A IGREJA COMO PODER ECLESIASTICO E CIVIL EM THOMAS HOBBES;EDUFU;1; R$ 55,00 ;R$ 55,00;
9786588055038;01/02/2025;218;WAGNER DE MELLO ELIAS;A IGREJA COMO PODER ECLESIASTICO E CIVIL EM THOMAS HOBBES;EDUFU;1; R$ 55,00 ;R$ 55,00;
9786588055038;01/02/2025;219;WAGNER DE MELLO ELIAS;A IGREJA COMO PODER ECLESIASTICO E CIVIL EM THOMAS HOBBES;EDUFU;1; R$ 55,00 ;R$ 55,00;
9786588055038;01/02/2025;220;WAGNER DE MELLO ELIAS;A IGREJA COMO PODER ECLESIASTICO E CIVIL EM THOMAS HOBBES;EDUFU;1; R$ 55,00 ;R$ 55,00;
9786588055038;01/02/2025;221;WAGNER DE MELLO ELIAS;A IGREJA COMO PODER ECLESIASTICO E CIVIL EM THOMAS HOBBES;EDUFU;1; R$ 55,00 ;R$ 55,00;
9786588055038;01/02/2025;222;WAGNER DE MELLO ELIAS;A IGREJA COMO PODER ECLESIASTICO E CIVIL EM THOMAS HOBBES;EDUFU;1; R$ 55,00 ;R$ 55,00;
9786588055038;01/02/2025;223;WAGNER DE MELLO ELIAS;A IGREJA COMO PODER ECLESIASTICO E CIVIL EM THOMAS HOBBES;EDUFU;1; R$ 55,00 ;R$ 55,00;
9786588055038;01/02/2025;224;WAGNER DE MELLO ELIAS;A IGREJA COMO PODER ECLESIASTICO E CIVIL EM THOMAS HOBBES;EDUFU;2; R$ 55,00 ;R$ 110,00;
9786588055038;01/02/2025;225;WAGNER DE MELLO ELIAS;A IGREJA COMO PODER ECLESIASTICO E CIVIL EM THOMAS HOBBES;EDUFU;1; R$ 55,00 ;R$ 55,00;
9786557110546;01/02/2025;226;JOHN B. THOMPSON;GUERRAS DO LIVRO, AS ;UNESP;1; R$ 99,20 ;R$ 99,20;
9788570784131;01/02/2025;227;BRUNO FREGNI BASSETTO;A DIVINACAO;EDUFU;1; R$ 36,00 ;R$ 36,00;
9788570783080;01/02/2025;227;MARCOS TULIO CICERO;DISCUSSOES TUSCULANAS;EDUFU;1; R$ 26,00 ;R$ 26,00;
9788570785145;01/02/2025;227;MARCOS TULIO CICERO;AS LEIS ;EDUFU;1; R$ 53,00 ;R$ 53,00;
9786588055038;01/02/2025;227;WAGNER DE MELLO ELIAS;A IGREJA COMO PODER ECLESIASTICO E CIVIL EM THOMAS HOBBES;EDUFU;1; R$ 56,00 ;R$ 56,00;
9788570784124;01/02/2025;227;MARCIO CHAVES-TANNUS;A ETICA DE PEDRO ABELARDO: UM MODELO MEDIEVAL DE APLICACAO DA LOGICA A MORAL;EDUFU;1; R$ 26,00 ;R$ 26,00;
9786558240228;01/02/2025;227;ANSELMO TADEU FERREIRA;"A NOCAO DE ALMA NA ""SUMA DE TEOLOGIA"" DE TOMAS DE AQUINO";EDUFU;1; R$ 30,00 ;R$ 30,00;
9786588055038;01/02/2025;228;WAGNER DE MELLO ELIAS;A IGREJA COMO PODER ECLESIASTICO E CIVIL EM THOMAS HOBBES;EDUFU;1; R$ 56,50 ;R$ 56,50;
9786557112038;01/02/2025;228;FOCILLON, HENRI;ANO MIL, O;UNESP;1; R$ 46,50 ;R$ 46,50;
9788539305698;01/02/2025;229;LOWITH, KARL;DE HEGEL A NIETZSCHE;UNESP;1; R$ 84,80 ;R$ 84,80;
9788570784131;01/02/2025;230;BRUNO FREGNI BASSETTO;A DIVINACAO;EDUFU;1; R$ 55,00 ;R$ 55,00;
9788570783080;01/02/2025;230;MARCOS TULIO CICERO;DISCUSSOES TUSCULANAS;EDUFU;1; R$ 55,00 ;R$ 55,00;
9788570784087;01/02/2025;230;MARCOS TULIO CICERO;A NATUREZA DOS DEUSES;EDUFU;1; R$ 55,00 ;R$ 55,00;
9786558581284;01/02/2025;231;ANTOINE COMPAGNON;GANHAR A SAIDA;UFMG;1; R$ 18,40 ;R$ 18,40;
9786588055038;01/02/2025;232;WAGNER DE MELLO ELIAS;A IGREJA COMO PODER ECLESIASTICO E CIVIL EM THOMAS HOBBES;EDUFU;1; R$ 56,00 ;R$ 56,00;
9788570784780;01/02/2025;233;ALICE KRIEG-PLANQUE;ANALISAR DISCURSOS INSTITUCIONAIS;EDUFU;1; R$ 50,00 ;R$ 50,00;
9788539304882;01/02/2025;234;JÜRGEN HABERMAS;TEORIA E PRAXIS ;UNESP;1; R$ 96,00 ;R$ 96,00;
9788539305247;01/02/2025;234;GEORGES MINOIS;HISTORIA DO ATEISMO ;UNESP;1; R$ 99,20 ;R$ 99,20;
9788570784780;01/02/2025;235;ALICE KRIEG-PLANQUE;ANALISAR DISCURSOS INSTITUCIONAIS;EDUFU;1; R$ 75,00 ;R$ 75,00;
9788570784780;01/02/2025;236;ALICE KRIEG-PLANQUE;ANALISAR DISCURSOS INSTITUCIONAIS;EDUFU;1; R$ 75,00 ;R$ 75,00;
9788570784766;01/02/2025;237;THIAGO DESTRO ROSA FERREIRA;MITOS DA TERRA-MEDIA: MITOLOGIA E MODERNIDADE NA OBRA DE J.R.R. TOLKIEN;EDUFU;1; R$ 26,67 ;R$ 26,67;
9786558580393;01/02/2025;237;PATRICIA KAUARK LEITE;TEORIA QUANTICA E FILOSOFIA TRANSCENDENTAL: DIALOGOS;UFMG;1; R$ 69,60 ;R$ 69,60;
9786557110737;01/02/2025;237;PENROSE, ROGER;SOMBRAS DA MENTE;UNESP;1; R$ 75,20 ;R$ 75,20;
9788571390287;01/03/2025;238;PAOLO ROSSI;CIENCIA E A FILOSOFIA DOS MODE ;UNESP;1; R$ 59,20 ;R$ 59,20;
9788570784780;01/03/2025;239;ALICE KRIEG-PLANQUE;ANALISAR DISCURSOS INSTITUCIONAIS;EDUFU;1; R$ 60,00 ;R$ 60,00;
9788570784780;01/03/2025;240;ALICE KRIEG-PLANQUE;ANALISAR DISCURSOS INSTITUCIONAIS;EDUFU;1; R$ 75,00 ;R$ 75,00;
9788570784780;01/03/2025;240;ALICE KRIEG-PLANQUE;ANALISAR DISCURSOS INSTITUCIONAIS;EDUFU;1; R$ 75,00 ;R$ 75,00;
9786558240433;01/03/2025;242;RAQUEL DISCINI DE CAMPOS;A EDUCACAO ENTRE A ETICA E A ESTETICA: OS ALBUNS ILUSTRADOS PAULISTAS (1915-1929);EDUFU;1; R$ 37,50 ;R$ 37,50;
9788571392021;01/03/2025;243;ISABEL LOUREIRO (ORG.), RICARDO MUSSE (ORG.);CAPITULOS DO MARXISMO OCIDENTA ;UNESP;1; R$ 51,20 ;R$ 51,20;
9788571390287;01/03/2025;244;PAOLO ROSSI;CIENCIA E A FILOSOFIA DOS MODE ;UNESP;1; R$ 59,20 ;R$ 59,20;
9788539301201;01/03/2025;245;MARY DEL PRIORE, MARCIA AMANTINO;HISTORIA DO CORPO NO BRASIL ;UNESP;1; R$ 86,40 ;R$ 86,40;
9786557110546;01/03/2025;246;JOHN B. THOMPSON;GUERRAS DO LIVRO, AS ;UNESP;1; R$ 99,20 ;R$ 99,20;
9786557112458;01/03/2025;247;Karl Löwith;SENTIDO NA HISTORIA, O;UNESP;1; R$ 76,80 ;R$ 76,80;
9786557112519;01/03/2025;247;Alexandre Koyré;DA MISTICA A CIENCIA;UNESP;1; R$ 71,20 ;R$ 71,20;
9788539303700;01/03/2025;247;WOLFF, FRANCIS;NOSSA HUMANIDADE;UNESP;1; R$ 63,20 ;R$ 63,20;
9788570418319;01/03/2025;249;ANTOINE COMPAGNON;DEMONIO DA TEORIA, O - LITERATURA E SENSO COMUM;UFMG;1; R$ 43,20 ;R$ 43,20;
9788570784780;01/03/2025;250;ALICE KRIEG-PLANQUE;ANALISAR DISCURSOS INSTITUCIONAIS;EDUFU;1; R$ 60,00 ;R$ 60,00;
9788570784780;01/03/2025;251;ALICE KRIEG-PLANQUE;ANALISAR DISCURSOS INSTITUCIONAIS;EDUFU;1; R$ 60,00 ;R$ 60,00;
9788539305063;01/03/2025;252;TZVETAN TODOROV;VIDA EM COMUM, A ;UNESP;1; R$ 51,20 ;R$ 51,20;
9788539307425;01/03/2025;253;PEDRO MING AZEVEDO;CIENCIA DA DOR, A ;UNESP;1; R$ 63,20 ;R$ 63,20;
9780000000000;01/03/2025;254;PROMOCIONAL;PROMOCIONAL;EDUFU;1; R$ 5,00 ;R$ 5,00;
9788570784780;01/03/2025;255;ALICE KRIEG-PLANQUE;ANALISAR DISCURSOS INSTITUCIONAIS;EDUFU;1; R$ 60,00 ;R$ 60,00;
9788539305360;01/03/2025;256;TODOROV, TZVETAN;SIMBOLISMO E INTERPRETACAO;UNESP;1; R$ 40,00 ;R$ 40,00;
9788571394582;01/03/2025;257;MARIA IZILDA SANTOS DE MATOS;CORPO FEMININO EM DEBATE, O;UNESP;1; R$ 36,00 ;R$ 36,00;
9788539305698;01/03/2025;258;LOWITH, KARL;DE HEGEL A NIETZSCHE;UNESP;1; R$ 84,80 ;R$ 84,80;
9788539301478;01/03/2025;258;TERRY EAGLETON;IDEIA DE CULTURA - 2. EDICAO, ;UNESP;1; R$ 48,00 ;R$ 48,00;
9788570783851;01/03/2025;259;RUBENS DARIO FUCHS;TRANSMISSAO DE ENERGIA ELETRICA;EDUFU;1; R$ 40,00 ;R$ 40,00;
9788570783080;01/03/2025;260;MARCOS TULIO CICERO;DISCUSSOES TUSCULANAS;EDUFU;1; R$ 44,00 ;R$ 44,00;
9786558240259;01/03/2025;261;WILHELM VON HUMBOLDT;ENSAIOS SOBRE LINGUA E LINGUAGEM (HUMBOLDT);EDUFU;1; R$ 76,40 ;R$ 76,40;
9786558240433;01/03/2025;262;RAQUEL DISCINI DE CAMPOS;A EDUCACAO ENTRE A ETICA E A ESTETICA: OS ALBUNS ILUSTRADOS PAULISTAS (1915-1929);EDUFU;1; R$ 45,00 ;R$ 45,00;
9780000000000;01/03/2025;263;PROMOCIONAL;PROMOCIONAL;EDUFU;1; R$ 5,00 ;R$ 5,00;
9786586224498;01/03/2025;264;ARISTOTELES - RODRIGO BRAVO;ARTE DA RETORICA;MADAMU;1; R$ 153,60 ;R$ 153,60;
9786586224665;01/03/2025;265;RENATO AMBROSO;POLITICA E RETORICA NO HUMANISMO FLORENTINO (SECULOS XIV E XV);MADAMU;1; R$ 89,60 ;R$ 89,60;
9786557112380;01/03/2025;266;ROGER CHARTIER;MAPAS E FICCOES ;UNESP;1; R$ 55,90 ;R$ 55,90;
9786557110478;01/03/2025;267;LUIZ COSTA LIMA;CHAO DA MENTE, O ;UNESP;1; R$ 55,20 ;R$ 55,20;
9786588055038;01/03/2025;268;WAGNER DE MELLO ELIAS;A IGREJA COMO PODER ECLESIASTICO E CIVIL EM THOMAS HOBBES;EDUFU;11; R$ 40,22 ;R$ 442,42;
9786588055045;01/03/2025;268;CHARLES SANDERS PEIRCE E CASSIANO TERRA RODRIGUES;ESCRITOS DA SERIE COGNITIVA;EDUFU;1; R$ 37,50 ;R$ 37,50;
9788571399068;01/03/2025;269;ANA MAE BARBOSA, REJANE GALVAO COUTINHO;ARTE/EDUCACAO COMO MEDIACAO CU ;UNESP;1; R$ 60,80 ;R$ 60,80;
9786557112274;01/03/2025;270;A. J. P. Taylor (trad. Fernando Santos);LUTA PELA SUPREMACIA NA EUROPA;UNESP;1; R$ 128,00 ;R$ 128,00;
9786586224481;01/03/2025;271;MARCO TULIO CICERO;DISCURSO POR MARCELO;MADAMU;1; R$ 71,68 ;R$ 71,68;
9788521702061;01/03/2025;271;-;MARCO TULIO CICERO TOPICOS OS LUGARES DO ARGUMENTO;PONTES;1; R$ 25,00 ;R$ 25,00;
9788570784131;01/03/2025;271;BRUNO FREGNI BASSETTO;A DIVINACAO;EDUFU;1; R$ 36,60 ;R$ 36,60;
9786556373482;01/03/2025;272;-;A RETORICA NO DISCURSO RELIGIOSO;PONTES;1; R$ 34,40 ;R$ 34,40;
9786556372520;01/03/2025;273;-;ANALISE DO DISCURSO NUMA PERSPECTIVA ENUNCIATIVA;PONTES;1; R$ 54,40 ;R$ 54,40;
9786556379388;01/03/2025;273;-;RETORICA ARGUMENTACAO E EMOCOES;PONTES;1; R$ 52,80 ;R$ 52,80;
9788570784780;01/03/2025;273;ALICE KRIEG-PLANQUE;ANALISAR DISCURSOS INSTITUCIONAIS;EDUFU;1; R$ 50,00 ;R$ 50,00;
9786556379388;01/03/2025;274;-;RETORICA ARGUMENTACAO E EMOCOES;PONTES;1; R$ 52,80 ;R$ 52,80;
9786556377926;01/03/2025;275;-;PERCURSOS RETORICOS ENTRE ANTIGOS E CONTEMPORANEOS;PONTES;1; R$ 70,40 ;R$ 70,40;
9786558240228;01/03/2025;275;ANSELMO TADEU FERREIRA;"A NOCAO DE ALMA NA ""SUMA DE TEOLOGIA"" DE TOMAS DE AQUINO";EDUFU;1; R$ 30,00 ;R$ 30,00;
9788539307876;01/03/2025;276;VENUTI, LAWRENCE;ESCANDALOS DA TRADUCAO;UNESP;1; R$ 47,00 ;R$ 47,00;
9786557110249;01/03/2025;276;LAWRENCE VENUTI;INVISIBILIDADE DO TRADUTOR, A ;UNESP;1; R$ 99,00 ;R$ 99,00;
9780000000000;01/03/2025;276;PROMOCIONAL;PROMOCIONAL;EDUFU;1; R$ 5,00 ;R$ 5,00;
9786556379388;01/03/2025;277;-;RETORICA ARGUMENTACAO E EMOCOES;PONTES;1; R$ 52,80 ;R$ 52,80;
9786556372520;01/03/2025;277;-;ANALISE DO DISCURSO NUMA PERSPECTIVA ENUNCIATIVA;PONTES;1; R$ 54,40 ;R$ 54,40;
9786558240259;01/03/2025;277;WILHELM VON HUMBOLDT;ENSAIOS SOBRE LINGUA E LINGUAGEM (HUMBOLDT);EDUFU;1; R$ 63,00 ;R$ 63,00;
9788571393073;01/03/2025;278;PALLARES-BURKE, MARIA LUCIA GARCIA;MUITAS FACES DA HISTORIA, AS;UNESP;1; R$ 62,40 ;R$ 62,40;
9786558240327;01/03/2025;279;RENATA NEIVA;PEDAGOGIAS DA BELEZA;EDUFU;1; R$ 36,00 ;R$ 36,00;
9786557110416;01/03/2025;280;ARTHUR SCHOPENHAUER;SOBRE A LIBERDADE DA VONTADE ;UNESP;1; R$ 35,20 ;R$ 35,20;
9788571398511;01/03/2025;280;BOBBIO, NORBERTO;DIREITO E PODER;UNESP;1; R$ 55,20 ;R$ 55,20;
9788539307265;01/03/2025;280;Immanuel Kant (trad. Bruno Leonardo Cunha, Charles Feldhaus);LICOES DE ETICA;UNESP;1; R$ 75,20 ;R$ 75,20;
9788539300006;01/03/2025;280;GRANDAZZI, ALEXANDRE;ORIGENS DE ROMA, AS;UNESP;1; R$ 33,60 ;R$ 33,60;
9788570411501;01/03/2025;280;NADIA SOUKI;HANNAH ARENDT E A BANALIDADE DO MAL;UFMG;1; R$ 36,00 ;R$ 36,00;
9780000000000;01/03/2025;280;PROMOCIONAL;PROMOCIONAL;EDUFU;1; R$ 5,00 ;R$ 5,00;
9788570784124;01/03/2025;281;MARCIO CHAVES-TANNUS;A ETICA DE PEDRO ABELARDO: UM MODELO MEDIEVAL DE APLICACAO DA LOGICA A MORAL;EDUFU;1; R$ 20,00 ;R$ 20,00;
9786558240433;01/03/2025;282;RAQUEL DISCINI DE CAMPOS;A EDUCACAO ENTRE A ETICA E A ESTETICA: OS ALBUNS ILUSTRADOS PAULISTAS (1915-1929);EDUFU;1; R$ 45,00 ;R$ 45,00;
9788539301089;01/03/2025;283;EAGLETON, TERRY;MARXISMO E CRITICA LITERARIA;UNESP;1; R$ 28,00 ;R$ 28,00;
9788570785145;01/03/2025;284;MARCOS TULIO CICERO;AS LEIS ;EDUFU;1; R$ 53,30 ;R$ 53,30;
9788570784131;01/03/2025;284;BRUNO FREGNI BASSETTO;A DIVINACAO;EDUFU;1; R$ 36,60 ;R$ 36,60;
9788570783080;01/03/2025;284;MARCOS TULIO CICERO;DISCUSSOES TUSCULANAS;EDUFU;1; R$ 36,60 ;R$ 36,60;
9786558240259;01/03/2025;285;WILHELM VON HUMBOLDT;ENSAIOS SOBRE LINGUA E LINGUAGEM (HUMBOLDT);EDUFU;1; R$ 76,40 ;R$ 76,40;
9788571399044;01/03/2025;286;GILBERTO MARINGONI;REVOLUCAO VENEZUELANA, A ;UNESP;1; R$ 31,20 ;R$ 31,20;
9788571396982;01/03/2025;286;ROGERIO HAESBAERT , CARLOS WALTER PORTO-GONCALVES;NOVA DES-ORDEM MUNDIAL, A ;UNESP;1; R$ 30,40 ;R$ 30,40;
9788570418319;01/03/2025;287;ANTOINE COMPAGNON;DEMONIO DA TEORIA, O - LITERATURA E SENSO COMUM;UFMG;1; R$ 43,20 ;R$ 43,20;
9788570783851;01/03/2025;288;RUBENS DARIO FUCHS;TRANSMISSAO DE ENERGIA ELETRICA;EDUFU;1; R$ 40,00 ;R$ 40,00;
9788570783851;01/03/2025;289;RUBENS DARIO FUCHS;TRANSMISSAO DE ENERGIA ELETRICA;EDUFU;1; R$ 40,00 ;R$ 40,00;
9788539301133;01/04/2025;290;ILYA PRIGOGINE;FIM DAS CERTEZAS - 2. EDICAO, ;UNESP;1; R$ 49,60 ;R$ 49,60;
9788539300815;01/04/2025;291;NORBERTO BOBBIO;DIREITA E ESQUERDA - 3. EDICAO;UNESP;1; R$ 41,60 ;R$ 41,60;
9786588055151;01/04/2025;292;KLEBER DEL-CLARO;ECOLOGIA COMPORTAMENTAL: UMA CONVERSA SOBRE BIOLOGIA EVOLUTIVA;EDUFU;1; R$ 59,20 ;R$ 59,20;
9788570783851;01/04/2025;293;RUBENS DARIO FUCHS;TRANSMISSAO DE ENERGIA ELETRICA;EDUFU;1; R$ 40,00 ;R$ 40,00;
9788570783851;01/04/2025;294;RUBENS DARIO FUCHS;TRANSMISSAO DE ENERGIA ELETRICA;EDUFU;1; R$ 40,00 ;R$ 40,00;
9780000000000;01/04/2025;295;PROMOCIONAL;PROMOCIONAL;EDUFU;1; R$ 16,00 ;R$ 16,00;
9788570783851;01/04/2025;297;RUBENS DARIO FUCHS;TRANSMISSAO DE ENERGIA ELETRICA;EDUFU;1; R$ 40,00 ;R$ 40,00;
9786588055038;01/04/2025;298;WAGNER DE MELLO ELIAS;A IGREJA COMO PODER ECLESIASTICO E CIVIL EM THOMAS HOBBES;EDUFU;1; R$ 42,50 ;R$ 42,50;
9788570418258;01/04/2025;299;"MARIA INES DE ALMEIDA ; PATRICIA KAUARK LEITE";DEMASIADO HUMANO;UFMG;1; R$ 26,40 ;R$ 26,40;
9788553128167;01/04/2025;300;"ROCHEL MONTERO LAGO ; TOMAS MOURA MONTERO (ILUSTRACAO); FABIOLA DE OLIVEIRA PAES LEME";CHOPIN, O CUPIM;UFMG;1; R$ 26,40 ;R$ 26,40;
9788553128082;01/04/2025;300;"ANA CRISTINA C. PEREIRA; ELIETTE ALEIXO; ROSVITA KOLB BERNARDES";PRA QUE SERVE A ARTE?;UFMG;1; R$ 19,20 ;R$ 19,20;
9786557112694;01/04/2025;301;[não informado edição];HOMENS DA MOEDA, OS;UNESP;1; R$ 78,00 ;R$ 78,00;
9786558240228;01/04/2025;301;ANSELMO TADEU FERREIRA;"A NOCAO DE ALMA NA ""SUMA DE TEOLOGIA"" DE TOMAS DE AQUINO";EDUFU;1; R$ 30,00 ;R$ 30,00;
9786558581024;01/04/2025;301;MARC DE LAUNAY;O QUE E TRADUZIR?;UFMG;1; R$ 33,60 ;R$ 33,60;
9788570419774;01/04/2025;301;WERNER THOMAS;MUNDO SOBRE PAPEL, UM - LIVROS, GRAVURAS E IMPRESSOS;UFMG;1; R$ 106,20 ;R$ 106,20;
9788539306145;01/04/2025;302;MAX HORKHEIMER;ECLIPSE DA RAZAO ;UNESP;1; R$ 48,00 ;R$ 48,00;
9780000000000;01/04/2025;303;PROMOCIONAL;PROMOCIONAL;EDUFU;1; R$ 5,00 ;R$ 5,00;
9788570783677;01/04/2025;304;Catani, Denice Bárbara;Entre o ginásio de elite e o colégio popular: estudos sobre o ensino secundário no Brasil (1931-1961) (2014);EDUFU;1; R$ 57,33 ;R$ 57,33;
9788570783851;01/04/2025;305;RUBENS DARIO FUCHS;TRANSMISSAO DE ENERGIA ELETRICA;EDUFU;1; R$ 40,00 ;R$ 40,00;
9788571399167;01/04/2025;307;ALICE H. AMSDEN;"ASCENSAO DO ""RESTO"", A ";UNESP;1; R$ 70,40 ;R$ 70,40;
9788570782533;05/05/2025;308;Catani, Denice Bárbara (Editor);Ciência, educação e livros didáticos do século XIX: os compêndios das ciências naturais do Colégio de Pedro II (2010);EDUFU;1; R$ 28,00 ;R$ 28,00;
9780000000000;04/04/2025;309;PROMOCIONAL;PROMOCIONAL;EDUFU;1; R$ 5,00 ;R$ 5,00;
9788570782236;04/04/2025;309; Ana Maria Said;Uma estrategia para o ocidente: o conceito de democracia em gramsci e o;EDUFU;1; R$ 24,00 ;R$ 24,00;
9788570418364;04/04/2025;310;ADLA BETSAIDA MARTINS TEIXEIRA;TEMAS ATUAIS EM DIDATICA;UFMG;1; R$ 28,80 ;R$ 28,80;
9788570783080;04/04/2025;311;MARCOS TULIO CICERO;DISCUSSOES TUSCULANAS;EDUFU;1; R$ 36,60 ;R$ 36,60;
9780000000000;04/04/2025;313;PROMOCIONAL;PROMOCIONAL;EDUFU;1; R$ 5,00 ;R$ 5,00;
9788570785145;07/04/2025;314;MARCOS TULIO CICERO;AS LEIS ;EDUFU;1; R$ 53,30 ;R$ 53,30;
9788570418166;09/04/2025;315;GAYATRI CHAKRAVORTY SPIVAK;PODE O SUBALTERNO FALAR?;UFMG;1; R$ 24,80 ;R$ 24,80;
9786557110768;10/04/2025;316;JOSE DE SOUZA MARTINS;SOCIOLOGIA DO DESCONHECIMENTO ;UNESP;1; R$ 54,40 ;R$ 54,40;
9786557112137;10/04/2025;316;GONCALVES, AGUINALDO JOSE;TRANSICAO E PERMANENCIA;UNESP;1; R$ 54,40 ;R$ 54,40;
9786557112137;10/04/2025;317;GONCALVES, AGUINALDO JOSE;TRANSICAO E PERMANENCIA;UNESP;1; R$ 54,40 ;R$ 54,40;
9788570783851;11/04/2025;319;RUBENS DARIO FUCHS;TRANSMISSAO DE ENERGIA ELETRICA;EDUFU;1; R$ 50,00 ;R$ 50,00;
9788570783851;11/04/2025;320;RUBENS DARIO FUCHS;TRANSMISSAO DE ENERGIA ELETRICA;EDUFU;1; R$ 50,00 ;R$ 50,00;
9788570783851;15/04/2025;321;RUBENS DARIO FUCHS;TRANSMISSAO DE ENERGIA ELETRICA;EDUFU;1; R$ 50,00 ;R$ 50,00;
9788570783851;11/04/2025;322;RUBENS DARIO FUCHS;TRANSMISSAO DE ENERGIA ELETRICA;EDUFU;1; R$ 54,40 ;R$ 54,40;
9780000000000;11/04/2025;322;PROMOCIONAL;PROMOCIONAL;EDUFU;1; R$ 5,00 ;R$ 5,00;
9780000000000;11/04/2025;322;PROMOCIONAL;PROMOCIONAL;EDUFU;1; R$ 5,00 ;R$ 5,00;
9780000000000;11/04/2025;322;PROMOCIONAL;PROMOCIONAL;EDUFU;1; R$ 5,00 ;R$ 5,00;
9780000000000;11/04/2025;322;PROMOCIONAL;PROMOCIONAL;EDUFU;1; R$ 5,00 ;R$ 5,00;
9780000000000;11/04/2025;322;PROMOCIONAL;PROMOCIONAL;EDUFU;1; R$ 5,00 ;R$ 5,00;
9788539303557;14/04/2025;323;DIAZ, ESTHER;FILOSOFIA DE MICHEL FOUCAULT,;UNESP;1; R$ 49,00 ;R$ 49,00;
9788571397217;14/04/2025;323;SILVIA FAUSTINO;EXPERIENCIA INDIZIVEL, A ;UNESP;1; R$ 51,00 ;R$ 51,00;
9788539303557;14/04/2025;324;DIAZ, ESTHER;FILOSOFIA DE MICHEL FOUCAULT,;UNESP;1; R$ 49,60 ;R$ 49,60;
9786558240259;05/05/2025;325;WILHELM VON HUMBOLDT;ENSAIOS SOBRE LINGUA E LINGUAGEM (HUMBOLDT);EDUFU;1; R$ 63,60 ;R$ 63,60;
9780000000000;05/05/2025;325;PROMOCIONAL;PROMOCIONAL;EDUFU;1; R$ 15,00 ;R$ 15,00;
9786588055014;14/04/2025;326;LAWRENCE VENUTTI;ENSINANDO A TRADUCAO: PROGRAMAS, DISCIPLINAS E ABORDAGENS PEDAGOGICAS;EDUFU;1; R$ 57,00 ;R$ 57,00;
9788570785213;14/04/2025;326;Marileide Dias Esqueda;Ensino de tradução: proposições didáticas à luz da competência tradutória;EDUFU;1; R$ 43,30 ;R$ 43,30;
9788542301410;16/04/2025;327;LILIAN SIMONE GODOY FONSECA;BIOTECNOLOGIAS - NOVOS DESAFIOS E NOVA RESPONSABILID;UFMG;1; R$ 60,00 ;R$ 60,00;
9780000000000;16/04/2025;328;PROMOCIONAL;PROMOCIONAL;EDUFU;1; R$ 5,00 ;R$ 5,00;
9780000000000;16/04/2025;328;PROMOCIONAL;PROMOCIONAL;EDUFU;1; R$ 5,00 ;R$ 5,00;
9786588055151;16/04/2025;329;KLEBER DEL-CLARO;ECOLOGIA COMPORTAMENTAL: UMA CONVERSA SOBRE BIOLOGIA EVOLUTIVA;EDUFU;1; R$ 74,00 ;R$ 74,00;
9786588055151;23/04/2025;330;KLEBER DEL-CLARO;ECOLOGIA COMPORTAMENTAL: UMA CONVERSA SOBRE BIOLOGIA EVOLUTIVA;EDUFU;1; R$ 74,00 ;R$ 74,00;
9786557112090;24/04/2025;331;CHOMSKY, NOAM;SEGREDOS DAS PALAVRAS, OS;UNESP;1; R$ 39,20 ;R$ 39,20;
9788539308033;25/04/2025;332;POPPER, KARL;MUNDO DE PARMENIDES - 2. EDICA;UNESP;1; R$ 73,60 ;R$ 73,60;
9788571390645;25/04/2025;332;GILLES-GASTON GRANGER;CIENCIA E AS CIENCIAS, A ;UNESP;1; R$ 36,00 ;R$ 36,00;
9780000000000;28/04/2025;333;PROMOCIONAL;PROMOCIONAL;EDUFU;1; R$ 5,00 ;R$ 5,00;
9780000000000;28/04/2025;333;PROMOCIONAL;PROMOCIONAL;EDUFU;1; R$ 5,00 ;R$ 5,00;
9780000000000;28/04/2025;335;PROMOCIONAL;PROMOCIONAL;EDUFU;1; R$ 5,00 ;R$ 5,00;
9788570783851;28/04/2025;336;RUBENS DARIO FUCHS;TRANSMISSAO DE ENERGIA ELETRICA;EDUFU;1; R$ 50,00 ;R$ 50,00;
9788570783080;30/04/2025;337;MARCOS TULIO CICERO;DISCUSSOES TUSCULANAS;EDUFU;1; R$ 55,00 ;R$ 55,00;
9788570783851;30/04/2025;338;RUBENS DARIO FUCHS;TRANSMISSAO DE ENERGIA ELETRICA;EDUFU;1; R$ 50,00 ;R$ 50,00;
9788570783851;30/04/2025;339;RUBENS DARIO FUCHS;TRANSMISSAO DE ENERGIA ELETRICA;EDUFU;1; R$ 50,00 ;R$ 50,00;
9786588055151;30/04/2025;340;KLEBER DEL-CLARO;ECOLOGIA COMPORTAMENTAL: UMA CONVERSA SOBRE BIOLOGIA EVOLUTIVA;EDUFU;1; R$ 51,80 ;R$ 51,80;
9786588055151;30/04/2025;341;KLEBER DEL-CLARO;ECOLOGIA COMPORTAMENTAL: UMA CONVERSA SOBRE BIOLOGIA EVOLUTIVA;EDUFU;1; R$ 51,80 ;R$ 51,80;
9786588055151;30/04/2025;342;KLEBER DEL-CLARO;ECOLOGIA COMPORTAMENTAL: UMA CONVERSA SOBRE BIOLOGIA EVOLUTIVA;EDUFU;1; R$ 51,80 ;R$ 51,80;
9786588055151;30/04/2025;343;KLEBER DEL-CLARO;ECOLOGIA COMPORTAMENTAL: UMA CONVERSA SOBRE BIOLOGIA EVOLUTIVA;EDUFU;1; R$ 51,80 ;R$ 51,80;
9788570783851;05/05/2025;344;RUBENS DARIO FUCHS;TRANSMISSAO DE ENERGIA ELETRICA;EDUFU;1; R$ 50,00 ;R$ 50,00;
9786588055038;05/05/2025;345;WAGNER DE MELLO ELIAS;A IGREJA COMO PODER ECLESIASTICO E CIVIL EM THOMAS HOBBES;EDUFU;1; R$ 56,60 ;R$ 56,60;
9788570783080;05/05/2025;345;MARCOS TULIO CICERO;DISCUSSOES TUSCULANAS;EDUFU;1; R$ 36,60 ;R$ 36,60;
9788570784131;05/05/2025;345;BRUNO FREGNI BASSETTO;A DIVINACAO;EDUFU;1; R$ 36,60 ;R$ 36,60;
9788570785145;05/05/2025;345;MARCOS TULIO CICERO;AS LEIS ;EDUFU;1; R$ 53,30 ;R$ 53,30;
9786557112519;05/05/2025;345;Alexandre Koyré;DA MISTICA A CIENCIA;UNESP;1; R$ 53,30 ;R$ 53,30;
9788570418166;05/05/2025;346;GAYATRI CHAKRAVORTY SPIVAK;PODE O SUBALTERNO FALAR?;UFMG;1; R$ 27,20 ;R$ 27,20;
9786557110577;05/05/2025;346;JUDITH BUTLER;DISCURSO DE ODIO ;UNESP;1; R$ 46,40 ;R$ 46,40;
9780000000000;05/05/2025;347;PROMOCIONAL;PROMOCIONAL;EDUFU;1; R$ 5,00 ;R$ 5,00;
9788539307777;06/05/2025;348;EDMOND COUCHOT;NATUREZA DA ARTE, A ;UNESP;1; R$ 76,80 ;R$ 76,80;
9786558240235;07/05/2025;350;JUSTINO MAGALHAES;NA ROTA DA EDUCACAO;EDUFU;1; R$ 40,00 ;R$ 40,00;
9788571396135;09/05/2025;351;MARIA RIBEIRO DO VALLE;VIOLENCIA REVOLUCIONARIA EM HA ;UNESP;1; R$ 49,60 ;R$ 49,60;
9788570418340;09/05/2025;352;ANTOINE COMPAGNON;CINCO PARADOXOS DA MODERNIDADE, OS;UFMG;1; R$ 37,60 ;R$ 37,60;
9786558240228;13/05/2025;354;ANSELMO TADEU FERREIRA;"A NOCAO DE ALMA NA ""SUMA DE TEOLOGIA"" DE TOMAS DE AQUINO";EDUFU;1; R$ 30,00 ;R$ 30,00;
9788539305339;13/05/2025;355;EMILIA VIOTTI DA COSTA;DIALETICA INVERTIDA E OUTROS ;UNESP;1; R$ 49,60 ;R$ 49,60;
9788539306756;13/05/2025;356;AFFONSO ROMANO DE SANT'ANNA;ARTIFICACAO ;UNESP;1; R$ 20,00 ;R$ 20,00;
9788570783851;13/05/2025;357;RUBENS DARIO FUCHS;TRANSMISSAO DE ENERGIA ELETRICA;EDUFU;1; R$ 50,00 ;R$ 50,00;
9786588055151;14/05/2025;358;KLEBER DEL-CLARO;ECOLOGIA COMPORTAMENTAL: UMA CONVERSA SOBRE BIOLOGIA EVOLUTIVA;EDUFU;1; R$ 59,20 ;R$ 59,20;
9788542303179;14/05/2025;359;JEAN-LUC NANCY;EMBRIAGUEZ;UFMG;1; R$ 18,40 ;R$ 18,40;
9788570785145;14/05/2025;360;MARCOS TULIO CICERO;AS LEIS ;EDUFU;1; R$ 40,00 ;R$ 40,00;
9786588055038;14/05/2025;360;WAGNER DE MELLO ELIAS;A IGREJA COMO PODER ECLESIASTICO E CIVIL EM THOMAS HOBBES;EDUFU;1; R$ 42,50 ;R$ 42,50;
9786588055038;14/05/2025;360;WAGNER DE MELLO ELIAS;A IGREJA COMO PODER ECLESIASTICO E CIVIL EM THOMAS HOBBES;EDUFU;1; R$ 42,50 ;R$ 42,50;
9786588055151;19/05/2025;361;KLEBER DEL-CLARO;ECOLOGIA COMPORTAMENTAL: UMA CONVERSA SOBRE BIOLOGIA EVOLUTIVA;EDUFU;1; R$ 51,80 ;R$ 51,80;
9788539306305;19/05/2025;362;CEZAR A. MORTARI;INTRODUCAO A LOGICA - 2. EDICA ;UNESP;1; R$ 55,20 ;R$ 55,20;
9786588055182;19/05/2025;363;Luiz Rogério Rodrigues João Henrique Lodi Agreli;Patrimônio: histórias de um bairro em quadrinhos;EDUFU;1; R$ 30,00 ;R$ 30,00;
9786588055182;21/05/2025;364;Luiz Rogério Rodrigues João Henrique Lodi Agreli;Patrimônio: histórias de um bairro em quadrinhos;EDUFU;1; R$ 30,00 ;R$ 30,00;
9788542302509;27/05/2025;365;GEORGES DIDI-HUBERMAN;REMONTAGENS DO TEMPO SOFRIDO: O OLHO DA HISTORIA, II;UFMG;1; R$ 52,80 ;R$ 52,80;
9786557111185;27/05/2025;366;MARISA LAJOLO, REGINA ZILBERMAN;LITERATURA INFANTIL BRASILEIRA ;UNESP;1; R$ 46,40 ;R$ 46,40;
9788571394124;27/05/2025;366;VINCENT JOUVE;LEITURA, A ;UNESP;1; R$ 36,80 ;R$ 36,80;
9788570419156;27/05/2025;367;MARIA ISABEL ANTUNES-ROCHA;DA COR DE TERRA - REPRESENTACOES SOCIAIS DE PROFESSO;UFMG;1; R$ 31,20 ;R$ 31,20;
9788570419934;28/05/2025;368;CASSIO E. VIANA HISSA;ENTRENOTAS - COMPREENSOES DE PESQUISA;UFMG;1; R$ 32,80 ;R$ 32,80;
9788539304035;30/05/2025;369;JÜRGEN HABERMAS;FE E SABER ;UNESP;1; R$ 20,80 ;R$ 20,80;
9788571395572;30/05/2025;369;EDUARDO RODRIGUES DA CRUZ;PERSISTENCIA DOS DEUSES, A N;UNESP;1; R$ 28,80 ;R$ 28,80;
9788539302659;30/05/2025;369;WILLAIME, JEAN-PAUL;SOCIOLOGIA DAS RELIGIOES;UNESP;1; R$ 40,00 ;R$ 40,00;
9786558240327;03/06/2025;370;RENATA NEIVA;PEDAGOGIAS DA BELEZA;EDUFU;1; R$ 30,00 ;R$ 30,00;
9788539300334;03/06/2025;371;EMILIA VIOTTI DA COSTA;DA SENZALA A COLONIA - 5. EDIC ;UNESP;1; R$ 81,60 ;R$ 81,60;
9786557111420;04/06/2025;372;TERRY EAGLETON;SOBRE O MAL ;UNESP;1; R$ 38,40 ;R$ 38,40;
9786557110058;04/06/2025;372;PETER BURKE;POLIMATA, O;UNESP;1; R$ 75,20 ;R$ 75,20;
9786557111772;04/06/2025;372;TERRY EAGLETON;MATERIALISMO ;UNESP;1; R$ 43,20 ;R$ 43,20;
9780000000000;04/06/2025;372;PROMOCIONAL;PROMOCIONAL;EDUFU;1; R$ 5,00 ;R$ 5,00;
9786588055151;06/06/2025;373;KLEBER DEL-CLARO;ECOLOGIA COMPORTAMENTAL: UMA CONVERSA SOBRE BIOLOGIA EVOLUTIVA;EDUFU;1; R$ 59,20 ;R$ 59,20;
9786588055151;06/06/2025;373;KLEBER DEL-CLARO;ECOLOGIA COMPORTAMENTAL: UMA CONVERSA SOBRE BIOLOGIA EVOLUTIVA;EDUFU;1; R$ 59,20 ;R$ 59,20;
9786558240259;09/06/2025;374;WILHELM VON HUMBOLDT;ENSAIOS SOBRE LINGUA E LINGUAGEM (HUMBOLDT);EDUFU;1; R$ 63,60 ;R$ 63,60;
9788570784766;09/06/2025;374;THIAGO DESTRO ROSA FERREIRA;MITOS DA TERRA-MEDIA: MITOLOGIA E MODERNIDADE NA OBRA DE J.R.R. TOLKIEN;EDUFU;1; R$ 26,70 ;R$ 26,70;
9788539308262;09/06/2025;375;LOUREIRO, ISABEL;REVOLUCAO ALEMA - 2. EDICAO, A;UNESP;1; R$ 30,40 ;R$ 30,40;
9788571394810;09/06/2025;375;POMAR, WLADIMIR;REVOLUCAO CHINESA, A;UNESP;1; R$ 30,40 ;R$ 30,40;
9788539304219;09/06/2025;376;SIMONE FERREIRA GOMES DE ALMEIDA;FIGURA DO HEROI ANTIGO NAS CRO ;UNESP;1; R$ 30,40 ;R$ 30,40;
9788570784131;10/06/2025;377;BRUNO FREGNI BASSETTO;A DIVINACAO;EDUFU;1; R$ 55,00 ;R$ 55,00;
9788542303209;10/06/2025;378;GEORG OTTE;IMPRESSAO E EXPRESSAO: FORMAS DO IMEDIATO EM WALTER;UFMG;1; R$ 35,20 ;R$ 35,20;
9788542303209;10/06/2025;379;GEORG OTTE;IMPRESSAO E EXPRESSAO: FORMAS DO IMEDIATO EM WALTER;UFMG;1; R$ 39,20 ;R$ 39,20;
9788570417534;10/06/2025;379;ANTOINE COMPAGNON;LITERATURA PARA QUE ?;UFMG;1; R$ 18,40 ;R$ 18,40;
9786557112090;10/06/2025;379;CHOMSKY, NOAM;SEGREDOS DAS PALAVRAS, OS;UNESP;1; R$ 35,20 ;R$ 35,20;
9786557112526;10/06/2025;379;Noam Chomsky (trad. Gabriel de Ávila, Larissa Colombo Freisleben);LINGUISTICA CARTESIANA;UNESP;1; R$ 49,60 ;R$ 49,60;
9786588055182;10/06/2025;380;Luiz Rogério Rodrigues João Henrique Lodi Agreli;Patrimônio: histórias de um bairro em quadrinhos;EDUFU;1; R$ 30,00 ;R$ 30,00;
9786588055144;10/06/2025;380;JOAO AGRELI, ROSANGELA DANTAS DE OLIVEIRA, SOLANGE CRISTINA ALGUSTO;BIOHQ3;EDUFU;1; R$ 56,00 ;R$ 56,00;
9788553128044;10/06/2025;380;"CARLA COSCARELLI; CLAUDIA JUSSAN (ILUSTRACAO)";O QUE EXISTE? O QUE NAO EXISTE?;UFMG;1; R$ 26,40 ;R$ 26,40;
9788570784766;12/06/2025;382;THIAGO DESTRO ROSA FERREIRA;MITOS DA TERRA-MEDIA: MITOLOGIA E MODERNIDADE NA OBRA DE J.R.R. TOLKIEN;EDUFU;1; R$ 26,67 ;R$ 26,67;
9786588055038;11/06/2025;383;WAGNER DE MELLO ELIAS;A IGREJA COMO PODER ECLESIASTICO E CIVIL EM THOMAS HOBBES;EDUFU;1; R$ 56,67 ;R$ 56,67;
9788570414069;11/06/2025;383;COMPRAR;MARAVILHAS DO MUNDO ANTIGO - HERODOTO, PAI DA HISTORI;UFMG;1; R$ 31,20 ;R$ 31,20;
9788539305063;11/06/2025;384;TZVETAN TODOROV;VIDA EM COMUM, A ;UNESP;1; R$ 51,20 ;R$ 51,20;
9786558240228;11/06/2025;385;ANSELMO TADEU FERREIRA;"A NOCAO DE ALMA NA ""SUMA DE TEOLOGIA"" DE TOMAS DE AQUINO";EDUFU;1; R$ 30,00 ;R$ 30,00;
9786588055151;12/06/2025;386;KLEBER DEL-CLARO;ECOLOGIA COMPORTAMENTAL: UMA CONVERSA SOBRE BIOLOGIA EVOLUTIVA;EDUFU;1; R$ 59,20 ;R$ 59,20;
9786557110522;13/06/2025;387;REINHART KOSELLECK, HANS ULRICH GUMBRECHT (ORG.), THAMARA DE OLIVEIRA RODRIGUES (ORG.);UMA LATENTE FILOSOFIA DO TEMPO ;UNESP;1; R$ 38,40 ;R$ 38,40;
9786557112717;13/06/2025;388;Mauro Galetti;UM NATURALISTA NO ANTROPOCENO;UNESP;1; R$ 47,20 ;R$ 47,20;
9788539300730;13/06/2025;388;KIERKEGAARD, SØREN;DESESPERO HUMANO, O;UNESP;1; R$ 51,20 ;R$ 51,20;
9788570783967;13/06/2025;388;Catani, Denice Bárbara (Organizador), Gatti Júnior, Décio ;O que a escola faz?: Elementos para a compreensão da vida escolar (2015);EDUFU;1; R$ 35,00 ;R$ 35,00;
9788570782649;13/06/2025;388;Abud, Katia Maria;Currículos de história: a criação da tradição e o código disciplinar (2011);EDUFU;1; R$ 20,00 ;R$ 20,00;
9786558581062;13/06/2025;389;ARMANDO MALHEIRO DA SILVA;INFORMACAO E IMAGINARIO;UFMG;1; R$ 49,60 ;R$ 49,60;
9788542302400;13/06/2025;389;GEORGES DIDI-HUBERMAN;ATLAS OU O GAIO SABER INQUIETO - O OLHO DA HISTORIA, III;UFMG;1; R$ 68,80 ;R$ 68,80;
9780000000000;18/06/2025;390;PROMOCIONAL;PROMOCIONAL;EDUFU;1; R$ 5,00 ;R$ 5,00;
"
9788570782939";18/06/2025;390;Júlio César de Oliveira;Ontem ao luar: o cotidiano boêmio da cidade de Uberlândia (MG) nas décadas de 1940 a 1960;EDUFU;1; R$ 25,00 ;R$ 25,00;
9786557110799;23/06/2025;391;PIERRE MONTEBELLO;NIETZSCHE - O MUNDO DA TERRA ;UNESP;1; R$ 33,60 ;R$ 33,60;
9786557111772;23/06/2025;392;TERRY EAGLETON;MATERIALISMO ;UNESP;1; R$ 43,20 ;R$ 43,20;
9786588055144;24/06/2025;393;JOAO AGRELI, ROSANGELA DANTAS DE OLIVEIRA, SOLANGE CRISTINA ALGUSTO;BIOHQ3;EDUFU;1; R$ 64,00 ;R$ 64,00;
9788571399068;24/06/2025;394;ANA MAE BARBOSA, REJANE GALVAO COUTINHO;ARTE/EDUCACAO COMO MEDIACAO CU ;UNESP;1; R$ 60,80 ;R$ 60,80;
9786588055144;25/06/2025;395;JOAO AGRELI, ROSANGELA DANTAS DE OLIVEIRA, SOLANGE CRISTINA ALGUSTO;BIOHQ3;EDUFU;1; R$ 48,00 ;R$ 48,00;
9786588055144;26/06/2025;396;JOAO AGRELI, ROSANGELA DANTAS DE OLIVEIRA, SOLANGE CRISTINA ALGUSTO;BIOHQ3;EDUFU;1; R$ 48,00 ;R$ 48,00;
9786588055144;26/06/2025;397;JOAO AGRELI, ROSANGELA DANTAS DE OLIVEIRA, SOLANGE CRISTINA ALGUSTO;BIOHQ3;EDUFU;1; R$ 48,00 ;R$ 48,00;
9786588055144;26/06/2025;398;JOAO AGRELI, ROSANGELA DANTAS DE OLIVEIRA, SOLANGE CRISTINA ALGUSTO;BIOHQ3;EDUFU;1; R$ 48,00 ;R$ 48,00;
9786588055144;26/06/2025;399;JOAO AGRELI, ROSANGELA DANTAS DE OLIVEIRA, SOLANGE CRISTINA ALGUSTO;BIOHQ3;EDUFU;1; R$ 48,00 ;R$ 48,00;
9786588055144;26/06/2025;400;JOAO AGRELI, ROSANGELA DANTAS DE OLIVEIRA, SOLANGE CRISTINA ALGUSTO;BIOHQ3;EDUFU;1; R$ 48,00 ;R$ 48,00;
9786557112342;26/06/2025;401;VIDAL, DIANA GONCALVES;HISTORIA ECONOMICA DA ESCOLA;UNESP;1; R$ 54,40 ;R$ 54,40;
9788570784766;26/06/2025;402;THIAGO DESTRO ROSA FERREIRA;MITOS DA TERRA-MEDIA: MITOLOGIA E MODERNIDADE NA OBRA DE J.R.R. TOLKIEN;EDUFU;1; R$ 26,50 ;R$ 26,50;
9786588055151;27/06/2025;403;KLEBER DEL-CLARO;ECOLOGIA COMPORTAMENTAL: UMA CONVERSA SOBRE BIOLOGIA EVOLUTIVA;EDUFU;1; R$ 59,20 ;R$ 59,20;
9780000000000;30/06/2025;404;PROMOCIONAL;PROMOCIONAL;EDUFU;1; R$ 5,00 ;R$ 5,00;
;;;;;;;;;
;;;;;;;;;
;;;;;;;;;
;;;;;;;;;
;;;;;;;;;
;;;;;;;;;
;;;;;;;;;
;;;;;;;;;
;;;;;;;;;
;;;;;;;;;
;;;;;;;;;
;;;;;;;;;
;;;;;;;;;
;;;;;;;;;
;;;;;;;;;
;;;;;;;;;
;;;;;;;;;
;;;;;;;;;
;;;;;;;;;
;;;;;;;;;
;;;;;;;;;
;;;;;;;;;
;;;;;;;;;
;;;;;;;;;
;;;;;;;;;
;;;;;;;;;
;;;;;;;;;
;;;;;;;;;
;;;;;;;;;
;;;;;;;;;
;;;;;;;;;
;;;;;;;;;
;;;;;;;;;
;;;;;;;;;
;;;;;;;;;
;;;;;;;;;
;;;;;;;;;
;;;;;;;;;
;;;;;;;;;
;;;;;;;;;
;;;;;;;;;
;;;;;;;;;
;;;;;;;;;
;;;;;;;;;
;;;;;;;;;
;;;;;;;;;
;;;;;;;;;
;;;;;;;;;
;;;;;;;;;
;;;;;;;;;
;;;;;;;;;
;;;;;;;;;
;;;;;;;;;
;;;;;;;;;
;;;;;;;;;
;;;;;;;;;
;;;;;;;;;
;;;;;;;;;
;;;;;;;;;
;;;;;;;;;
;;;;;;;;;
;;;;;;;;;
;;;;;;;;;
;;;;;;;;;
;;;;;;;;;
;;;;;;;;;
;;;;;;;;;
;;;;;;;;;
;;;;;;;;;
;;;;;;;;;
;;;;;;;;;
;;;;;;;;;
;;;;;;;;;
;;;;;;;;;
;;;;;;;;;
;;;;;;;;;
;;;;;;;;;
;;;;;;;;;
;;;;;;;;;
;;;;;;;;;
;;;;;;;;;
;;;;;;;;;
;;;;;;;;;
;;;;;;;;;
;;;;;;;;;
;;;;;;;;;
;;;;;;;;;
;;;;;;;;;
;;;;;;;;;
;;;;;;;;;
;;;;;;;;;
;;;;;;;;;
;;;;;;;;;
;;;;;;;;;
;;;;;;;;;
;;;;;;;;;
;;;;;;;;;
;;;;;;;;;
;;;;;;;;;
;;;;;;;;;
;;;;;;;;;
;;;;;;;;;
;;;;;;;;;
;;;;;;;;;
;;;;;;;;;
;;;;;;;;;
;;;;;;;;;
;;;;;;;;;
;;;;;;;;;
;;;;;;;;;
;;;;;;;;;
;;;;;;;;;
;;;;;;;;;
;;;;;;;;;
;;;;;;;;;
;;;;;;;;;
;;;;;;;;;
;;;;;;;;;
;;;;;;;;;
;;;;;;;;;
;;;;;;;;;
;;;;;;;;;
;;;;;;;;;
;;;;;;;;;
;;;;;;;;;
;;;;;;;;;
;;;;;;;;;
;;;;;;;;;
;;;;;;;;;
;;;;;;;;;
;;;;;;;;;
;;;;;;;;;
;;;;;;;;;
;;;;;;;;;
;;;;;;;;;
;;;;;;;;;
;;;;;;;;;
;;;;;;;;;
;;;;;;;;;
;;;;;;;;;
;;;;;;;;;
;;;;;;;;;
;;;;;;;;;
;;;;;;;;;
;;;;;;;;;
;;;;;;;;;
;;;;;;;;;
;;;;;;;;;
;;;;;;;;;
;;;;;;;;;
;;;;;;;;;
;;;;;;;;;
;;;;;;;;;
;;;;;;;;;
;;;;;;;;;
;;;;;;;;;
;;;;;;;;;
;;;;;;;;;
;;;;;;;;;
;;;;;;;;;
;;;;;;;;;
;;;;;;;;;
;;;;;;;;;
;;;;;;;;;
;;;;;;;;;
;;;;;;;;;
;;;;;;;;;
;;;;;;;;;
;;;;;;;;;
;;;;;;;;;
;;;;;;;;;
;;;;;;;;;
;;;;;;;;;
;;;;;;;;;
;;;;;;;;;
;;;;;;;;;
;;;;;;;;;
;;;;;;;;;
;;;;;;;;;
;;;;;;;;;
;;;;;;;;;
;;;;;;;;;
;;;;;;;;;
;;;;;;;;;
;;;;;;;;;
;;;;;;;;;
;;;;;;;;;
;;;;;;;;;
;;;;;;;;;
;;;;;;;;;
;;;;;;;;;
;;;;;;;;;
;;;;;;;;;
;;;;;;;;;
;;;;;;;;;
;;;;;;;;;
;;;;;;;;;
;;;;;;;;;
;;;;;;;;;
;;;;;;;;;
;;;;;;;;;
;;;;;;;;;
;;;;;;;;;
;;;;;;;;;
;;;;;;;;;
;;;;;;;;;
;;;;;;;;;
;;;;;;;;;
;;;;;;;;;
;;;;;;;;;
;;;;;;;;;
;;;;;;;;;
;;;;;;;;;
;;;;;;;;;
;;;;;;;;;
;;;;;;;;;
;;;;;;;;;
;;;;;;;;;
;;;;;;;;;
;;;;;;;;;
;;;;;;;;;
;;;;;;;;;
;;;;;;;;;
;;;;;;;;;
;;;;;;;;;
;;;;;;;;;
;;;;;;;;;
;;;;;;;;;
;;;;;;;;;
;;;;;;;;;
;;;;;;;;;
;;;;;;;;;
;;;;;;;;;
;;;;;;;;;
;;;;;;;;;
;;;;;;;;;
;;;;;;;;;
;;;;;;;;;
;;;;;;;;;
;;;;;;;;;
;;;;;;;;;
;;;;;;;;;
;;;;;;;;;
;;;;;;;;;
;;;;;;;;;
;;;;;;;;;
;;;;;;;;;
;;;;;;;;;
;;;;;;;;;
;;;;;;;;;
;;;;;;;;;
;;;;;;;;;
;;;;;;;;;
;;;;;;;;;
;;;;;;;;;
;;;;;;;;;
;;;;;;;;;
;;;;;;;;;
